-- MySQL dump 10.13  Distrib 8.0.16, for Win64 (x86_64)
--
-- Host: localhost    Database: DUANTOTNGHIEP
-- ------------------------------------------------------
-- Server version	8.0.16
SET SQL_MODE = "";
SET GLOBAL sql_mode='';

/*!40101 SET @OLD_CHARACTER_SET_CLIENT=@@CHARACTER_SET_CLIENT */;
/*!40101 SET @OLD_CHARACTER_SET_RESULTS=@@CHARACTER_SET_RESULTS */;
/*!40101 SET @OLD_COLLATION_CONNECTION=@@COLLATION_CONNECTION */;
 SET NAMES utf8 ;
/*!40103 SET @OLD_TIME_ZONE=@@TIME_ZONE */;
/*!40103 SET TIME_ZONE='+00:00' */;
/*!40014 SET @OLD_UNIQUE_CHECKS=@@UNIQUE_CHECKS, UNIQUE_CHECKS=0 */;
/*!40014 SET @OLD_FOREIGN_KEY_CHECKS=@@FOREIGN_KEY_CHECKS, FOREIGN_KEY_CHECKS=0 */;
/*!40101 SET @OLD_SQL_MODE=@@SQL_MODE, SQL_MODE='NO_AUTO_VALUE_ON_ZERO' */;
/*!40111 SET @OLD_SQL_NOTES=@@SQL_NOTES, SQL_NOTES=0 */;

--
-- Table structure for table `accounts`
--

DROP TABLE IF EXISTS `accounts`;
/*!40101 SET @saved_cs_client     = @@character_set_client */;
 SET character_set_client = utf8mb4 ;
CREATE TABLE `accounts` (
  `Username` varchar(50) CHARACTER SET utf8 COLLATE utf8_general_ci NOT NULL,
  `Password` varchar(50) CHARACTER SET utf8 COLLATE utf8_general_ci NOT NULL,
  `Fullname` varchar(50) CHARACTER SET utf8 COLLATE utf8_general_ci NOT NULL,
  `Email` varchar(50) CHARACTER SET utf8 COLLATE utf8_general_ci NOT NULL,
  `Photo` varchar(50) CHARACTER SET utf8 COLLATE utf8_general_ci DEFAULT NULL,
  `TrangThai` bit(1) NOT NULL,
  PRIMARY KEY (`Username`)
) ENGINE=InnoDB DEFAULT CHARSET=utf8mb4 COLLATE=utf8mb4_0900_ai_ci;
/*!40101 SET character_set_client = @saved_cs_client */;

--
-- Dumping data for table `accounts`
--

LOCK TABLES `accounts` WRITE;
/*!40000 ALTER TABLE `accounts` DISABLE KEYS */;
INSERT INTO `accounts` VALUES ('1','dscxmn','122662','taolasang2k1@gmail.com','c18e2430.jpg',_binary ''),('1222222','123','Phạm Hoàng Sang','taolasang2k1@gmail.com','5320cdc6.jpg',_binary ''),('2','dscxmn','12266','taolasang2k1@gmail.com','c18e2430.jpg',_binary ''),('5','12313','Phạm Hoàng Sang','taolasang2k1@gmail.com','6cda3e6b.jpg',_binary ''),('6','dscxmn','12266','taolasang2k1@gmail.com','c18e2430.jpg',_binary ''),('hsang','123','1111111','taolasang2k1@gmail.com','1c155f10.jpg',_binary ''),('sang','123213','Phạm Hoàng Sang','taolasang2k1@gmail.com','6d239d0e.jpg',_binary '');
/*!40000 ALTER TABLE `accounts` ENABLE KEYS */;
UNLOCK TABLES;

--
-- Table structure for table `authorities`
--

DROP TABLE IF EXISTS `authorities`;
/*!40101 SET @saved_cs_client     = @@character_set_client */;
 SET character_set_client = utf8mb4 ;
CREATE TABLE `authorities` (
  `Id` int(11) NOT NULL AUTO_INCREMENT,
  `Username` varchar(50) CHARACTER SET utf8 COLLATE utf8_general_ci NOT NULL,
  `RoleId` varchar(10) CHARACTER SET utf8 COLLATE utf8_general_ci NOT NULL,
  PRIMARY KEY (`Id`)
) ENGINE=InnoDB AUTO_INCREMENT=1197 DEFAULT CHARSET=utf8mb4 COLLATE=utf8mb4_0900_ai_ci;
/*!40101 SET character_set_client = @saved_cs_client */;

--
-- Dumping data for table `authorities`
--

LOCK TABLES `authorities` WRITE;
/*!40000 ALTER TABLE `authorities` DISABLE KEYS */;
INSERT INTO `authorities` VALUES (1013,'hsang','KH'),(1015,'hsang','CH'),(1097,'hsang','AD'),(1145,'5','KH'),(1146,'6','KH'),(1157,'1','AD'),(1164,'2','KH'),(1165,'2','CH'),(1169,'sang','KH'),(1174,'1222222','KH'),(1180,'1','KH'),(1181,'sang','CH'),(1193,'1','CH');
/*!40000 ALTER TABLE `authorities` ENABLE KEYS */;
UNLOCK TABLES;

--
-- Table structure for table `cart`
--

DROP TABLE IF EXISTS `cart`;
/*!40101 SET @saved_cs_client     = @@character_set_client */;
 SET character_set_client = utf8mb4 ;
CREATE TABLE `cart` (
  `Id` int(11) NOT NULL AUTO_INCREMENT,
  `Productid` int(11) NOT NULL,
  `username` varchar(50) NOT NULL,
  `cuahang` varchar(50) CHARACTER SET utf8 COLLATE utf8_general_ci NOT NULL,
  `price` float NOT NULL,
  `qty` int(11) NOT NULL,
  PRIMARY KEY (`Id`)
) ENGINE=InnoDB AUTO_INCREMENT=8 DEFAULT CHARSET=utf8mb4 COLLATE=utf8mb4_0900_ai_ci;
/*!40101 SET character_set_client = @saved_cs_client */;

--
-- Dumping data for table `cart`
--

LOCK TABLES `cart` WRITE;
/*!40000 ALTER TABLE `cart` DISABLE KEYS */;
/*!40000 ALTER TABLE `cart` ENABLE KEYS */;
UNLOCK TABLES;

--
-- Table structure for table `categories`
--

DROP TABLE IF EXISTS `categories`;
/*!40101 SET @saved_cs_client     = @@character_set_client */;
 SET character_set_client = utf8mb4 ;
CREATE TABLE `categories` (
  `Id` char(4) NOT NULL,
  `Name` varchar(50) CHARACTER SET utf8 COLLATE utf8_general_ci NOT NULL,
  PRIMARY KEY (`Id`)
) ENGINE=InnoDB DEFAULT CHARSET=utf8mb4 COLLATE=utf8mb4_0900_ai_ci;
/*!40101 SET character_set_client = @saved_cs_client */;

--
-- Dumping data for table `categories`
--

LOCK TABLES `categories` WRITE;
/*!40000 ALTER TABLE `categories` DISABLE KEYS */;
INSERT INTO `categories` VALUES ('dhtm','ĐH Thông Minh'),('dt','Điện Thoại'),('mt','Máy Tính'),('pk','Phụ kiện'),('tb','Tablet');
/*!40000 ALTER TABLE `categories` ENABLE KEYS */;
UNLOCK TABLES;

--
-- Table structure for table `catesmall`
--

DROP TABLE IF EXISTS `catesmall`;
/*!40101 SET @saved_cs_client     = @@character_set_client */;
 SET character_set_client = utf8mb4 ;
CREATE TABLE `catesmall` (
  `Id` int(11) NOT NULL AUTO_INCREMENT,
  `Name` varchar(50) CHARACTER SET utf8 COLLATE utf8_general_ci NOT NULL,
  `CategoryId` char(4) NOT NULL,
  PRIMARY KEY (`Id`)
) ENGINE=InnoDB AUTO_INCREMENT=1034 DEFAULT CHARSET=utf8mb4 COLLATE=utf8mb4_0900_ai_ci;
/*!40101 SET character_set_client = @saved_cs_client */;

--
-- Dumping data for table `catesmall`
--

LOCK TABLES `catesmall` WRITE;
/*!40000 ALTER TABLE `catesmall` DISABLE KEYS */;
INSERT INTO `catesmall` VALUES (3,'Iphone','dt'),(4,'Samsung','dt'),(5,'Realme','dt'),(8,'Vivo','dt'),(9,'Vsmart','dt'),(10,'Xiaomi','dt'),(11,'Oppo','dt'),(12,'Apple','dhtm'),(13,'BeU','dhtm'),(14,'garmin','dhtm'),(15,'kidcare','dhtm'),(16,'oppo','dhtm'),(17,'SamSung','dhtm'),(18,'Acer','mt'),(19,'ASUS','mt'),(20,'Dell','mt'),(21,'HP','mt'),(22,'Lenovo','mt'),(24,'LG','mt'),(25,'MacBook','mt'),(26,'MSI','mt'),(1005,'Huawei','tb'),(1006,'iPad','tb'),(1007,'Lenovo','tb'),(1008,'Masstel','tb'),(1009,'Samsung','tb'),(1018,'Tai nghe','pk'),(1019,'Gậy chụp ảnh','pk'),(1022,'Giá đỡ điện thoại','pk'),(1023,'Loa điện thoại','pk'),(1024,'Sạc dự phòng','pk'),(1026,'Loa đồng hồ','pk'),(1027,'Sạc dự phòng đồng hồ','pk'),(1028,'Tai nghe bluetooth đồng hồ','pk'),(1029,'Bàn Phím','pk'),(1030,'Chuột','pk'),(1031,'Headphone','pk'),(1032,'Ổ cứng di động','pk'),(1033,'USB','pk');
/*!40000 ALTER TABLE `catesmall` ENABLE KEYS */;
UNLOCK TABLES;

--
-- Table structure for table `cmtproduct`
--

DROP TABLE IF EXISTS `cmtproduct`;
/*!40101 SET @saved_cs_client     = @@character_set_client */;
 SET character_set_client = utf8mb4 ;
CREATE TABLE `cmtproduct` (
  `Id` int(11) NOT NULL AUTO_INCREMENT,
  `Comment` varchar(500) CHARACTER SET utf8 COLLATE utf8_general_ci NOT NULL,
  `ProductId` int(11) NOT NULL,
  `Username` varchar(50) CHARACTER SET utf8 COLLATE utf8_general_ci NOT NULL,
  `date` date NOT NULL,
  PRIMARY KEY (`Id`)
) ENGINE=InnoDB AUTO_INCREMENT=36 DEFAULT CHARSET=utf8mb4 COLLATE=utf8mb4_0900_ai_ci;
/*!40101 SET character_set_client = @saved_cs_client */;

--
-- Dumping data for table `cmtproduct`
--

LOCK TABLES `cmtproduct` WRITE;
/*!40000 ALTER TABLE `cmtproduct` DISABLE KEYS */;
INSERT INTO `cmtproduct` VALUES (1,'ccccc',12,'1','2020-02-02'),(2,'ngu vl',12,'1','2020-02-02'),(7,'44',12,'hsang','2020-02-02'),(13,'9',64,'hsang','2021-10-20'),(14,'71',64,'hsang','2021-10-20'),(15,'123',64,'hsang','2021-10-20'),(16,'234',64,'hsang','2021-10-20'),(17,'1234',64,'hsang','2021-10-20'),(18,'sang',12,'hsang','2021-10-20'),(19,'456',12,'hsang','2021-10-20'),(20,'m hay quá sang ơi',12,'hsang','2021-10-20'),(23,'123',13,'hsang','2021-10-20'),(24,'tài ngu vl',12,'hsang','2021-10-22'),(25,'123',20,'hsang','2021-11-07'),(26,'sang dz',35,'hsang','2021-11-16'),(27,'123',9,'hsang','2021-11-18'),(28,'123',9,'hsang','2021-11-30'),(29,'dfhdfhh',25,'hsang','2025-02-26'),(30,'fdhdhdhd',25,'hsang','2025-02-26'),(31,'snsdahgdsag',19,'hsang','2025-02-27'),(32,'sao rẻ vậy shop',17,'2','2025-02-27'),(33,'123',17,'2','2025-02-27'),(34,'dbscsdhsafashfjafjhvdsponvv',17,'2','2025-02-27'),(35,'sang hay',20,'2','2025-02-27');
/*!40000 ALTER TABLE `cmtproduct` ENABLE KEYS */;
UNLOCK TABLES;

--
-- Table structure for table `cmtstore`
--

DROP TABLE IF EXISTS `cmtstore`;
/*!40101 SET @saved_cs_client     = @@character_set_client */;
 SET character_set_client = utf8mb4 ;
CREATE TABLE `cmtstore` (
  `Id` int(11) NOT NULL AUTO_INCREMENT,
  `Comment` varchar(50) CHARACTER SET utf8 COLLATE utf8_general_ci NOT NULL,
  `Store` int(11) NOT NULL,
  `Username` varchar(50) CHARACTER SET utf8 COLLATE utf8_general_ci NOT NULL,
  `date` date NOT NULL,
  PRIMARY KEY (`Id`)
) ENGINE=InnoDB AUTO_INCREMENT=7 DEFAULT CHARSET=utf8mb4 COLLATE=utf8mb4_0900_ai_ci;
/*!40101 SET character_set_client = @saved_cs_client */;

--
-- Dumping data for table `cmtstore`
--

LOCK TABLES `cmtstore` WRITE;
/*!40000 ALTER TABLE `cmtstore` DISABLE KEYS */;
INSERT INTO `cmtstore` VALUES (1,'12',4,'hsang','2021-12-07'),(2,'1234',4,'hsang','2021-12-07'),(3,'1244555',4,'hsang','2021-12-07'),(4,'cửa hàng lừa đảo',4,'hsang','2021-12-07'),(5,'cửa hàng lừa đâỏ',4,'2','2025-02-27'),(6,'thấy ghét lắm mn đừng muua',4,'2','2025-02-27');
/*!40000 ALTER TABLE `cmtstore` ENABLE KEYS */;
UNLOCK TABLES;

--
-- Table structure for table `codedmk`
--

DROP TABLE IF EXISTS `codedmk`;
/*!40101 SET @saved_cs_client     = @@character_set_client */;
 SET character_set_client = utf8mb4 ;
CREATE TABLE `codedmk` (
  `Id` int(11) NOT NULL AUTO_INCREMENT,
  `Code` varchar(10) CHARACTER SET utf8 COLLATE utf8_general_ci NOT NULL,
  `Username` varchar(50) CHARACTER SET utf8 COLLATE utf8_general_ci NOT NULL,
  `date` datetime NOT NULL,
  `trangthai` varchar(500) CHARACTER SET utf8 COLLATE utf8_general_ci NOT NULL,
  PRIMARY KEY (`Id`)
) ENGINE=InnoDB AUTO_INCREMENT=12 DEFAULT CHARSET=utf8mb4 COLLATE=utf8mb4_0900_ai_ci;
/*!40101 SET character_set_client = @saved_cs_client */;

--
-- Dumping data for table `codedmk`
--

LOCK TABLES `codedmk` WRITE;
/*!40000 ALTER TABLE `codedmk` DISABLE KEYS */;
INSERT INTO `codedmk` VALUES (6,'329213','6','2025-02-26 22:13:01','1'),(7,'114802','2','2025-02-26 22:13:26','1');
/*!40000 ALTER TABLE `codedmk` ENABLE KEYS */;
UNLOCK TABLES;

--
-- Table structure for table `codesale`
--

DROP TABLE IF EXISTS `codesale`;
/*!40101 SET @saved_cs_client     = @@character_set_client */;
 SET character_set_client = utf8mb4 ;
CREATE TABLE `codesale` (
  `Id` int(11) NOT NULL AUTO_INCREMENT,
  `Code` char(10) CHARACTER SET utf8 COLLATE utf8_general_ci NOT NULL,
  `starday` date NOT NULL,
  `endday` date NOT NULL,
  `percents` int(11) NOT NULL,
  `trangthai` varchar(500) CHARACTER SET utf8 COLLATE utf8_general_ci NOT NULL,
  `CuaHangid` int(11) NOT NULL,
  PRIMARY KEY (`Id`)
) ENGINE=InnoDB AUTO_INCREMENT=22 DEFAULT CHARSET=utf8mb4 COLLATE=utf8mb4_0900_ai_ci;
/*!40101 SET character_set_client = @saved_cs_client */;

--
-- Dumping data for table `codesale`
--

LOCK TABLES `codesale` WRITE;
/*!40000 ALTER TABLE `codesale` DISABLE KEYS */;
INSERT INTO `codesale` VALUES (15,'8127359389','2025-02-24','2025-03-03',10,'0',1),(16,'9677603888','2025-02-27','2025-03-01',12,'0',1),(19,'9059807891','2025-03-02','2025-03-14',100,'1',1);
/*!40000 ALTER TABLE `codesale` ENABLE KEYS */;
UNLOCK TABLES;

--
-- Table structure for table `cuahang`
--

DROP TABLE IF EXISTS `cuahang`;
/*!40101 SET @saved_cs_client     = @@character_set_client */;
 SET character_set_client = utf8mb4 ;
CREATE TABLE `cuahang` (
  `Id` int(11) NOT NULL AUTO_INCREMENT,
  `TenCuaHang` varchar(50) CHARACTER SET utf8 COLLATE utf8_general_ci NOT NULL,
  `Username` varchar(50) CHARACTER SET utf8 COLLATE utf8_general_ci NOT NULL,
  `TrangThai` varchar(500) CHARACTER SET utf8 COLLATE utf8_general_ci NOT NULL,
  `Image` varchar(50) CHARACTER SET utf8 COLLATE utf8_general_ci NOT NULL,
  PRIMARY KEY (`Id`)
) ENGINE=InnoDB AUTO_INCREMENT=48 DEFAULT CHARSET=utf8mb4 COLLATE=utf8mb4_0900_ai_ci;
/*!40101 SET character_set_client = @saved_cs_client */;

--
-- Dumping data for table `cuahang`
--

LOCK TABLES `cuahang` WRITE;
/*!40000 ALTER TABLE `cuahang` DISABLE KEYS */;
INSERT INTO `cuahang` VALUES (1,'young hero','hsang','1','6f3429cc.jpg'),(4,'shoppe','2','1','iphone-12-xanh-duong-600x600.jpg'),(34,'Them ten cua hang','sang','1','cloud-upload.jpg'),(44,'Them ten cua hang','1','1','cloud-upload.jpg');
/*!40000 ALTER TABLE `cuahang` ENABLE KEYS */;
UNLOCK TABLES;

--
-- Table structure for table `image`
--

DROP TABLE IF EXISTS `image`;
/*!40101 SET @saved_cs_client     = @@character_set_client */;
 SET character_set_client = utf8mb4 ;
CREATE TABLE `image` (
  `Id` int(11) NOT NULL AUTO_INCREMENT,
  `Nameimage` varchar(50) CHARACTER SET utf8 COLLATE utf8_general_ci NOT NULL,
  `ProductId` int(11) NOT NULL,
  PRIMARY KEY (`Id`)
) ENGINE=InnoDB AUTO_INCREMENT=1262 DEFAULT CHARSET=utf8mb4 COLLATE=utf8mb4_0900_ai_ci;
/*!40101 SET character_set_client = @saved_cs_client */;

--
-- Dumping data for table `image`
--

LOCK TABLES `image` WRITE;
/*!40000 ALTER TABLE `image` DISABLE KEYS */;
INSERT INTO `image` VALUES (4,'iphone-12-xanh-duong-600x600.jpg',9),(10,'iphone-12-pro-max-xanh-duong-new.jpg',10),(11,'iphone-12-pro-bac-new.jpg',12),(16,'iphone-12-mini-den-15-600x600.jpg',13),(18,'iphone-xr-hopmoi-den-600x600.jpg',16),(20,'iphone-se-128gb-2020-do-600x600.jpg',17),(21,'iphone-se-2020-trang-600x600-600x600.jpg',19),(22,'iphone-xi-xanhla-600x600.jpg',20),(23,'oppo-reno6-z-5g-aurora-1-600x600.jpg',58),(24,'oppo-reno6-5g-aurora-600x600.jpg',59),(25,'oppo-a74-blue-9-600x600.jpg',60),(27,'oppo-find-x3-pro-black-001-1-600x600.jpg',61),(28,'oppo-reno5-5g-thumb-600x600.jpg',62),(32,'realme-c21y-black-600x600.jpg',28),(34,'realme-c25s-grey-7-600x600.jpg',31),(36,'realme-8-pro-vang-600x600.jpg',34),(37,'realme-8-pro-balck-600x600.jpg',35),(38,'realme-8-silver-600x600.jpg',37),(39,'samsung-galaxy-z-fold-3-silver-600x600.jpg',23),(41,'samsung-galaxy-a52-5g-thumb-black.jpg',24),(43,'samsung-galaxy-z-flip-3-cream-600x600.jpg',25),(44,'samsung-galaxy-z-fold-2-den-600x600.jpg',26),(45,'samsung-galaxy-s21-tim-600x600.jpg',27),(46,'vivo-y12s-den-new-600x600-600x600.jpg',38),(47,'vivo-y53s-xanh-600x600.jpg',39),(48,'vivo-v21-5g-xanh-den-600x600.jpg',41),(49,'vivov202021den-600x600.jpg',42),(50,'vivo-v20-600-xanh-hong-2-600x600.jpg',44),(51,'vsmart-star-5-thumb-black-600x600.jpg',45),(52,'vsmart-aris-pro-green-600jpg-600x600.jpg',46),(53,'vsmart-aris-xam-600x600-600x600.jpg',47),(54,'vsmart-live-4-xanh-la-600x600.jpg',48),(55,'vsmart-joy-4-6gb-trang-600x600-600x600.jpg',50),(57,'xiaomi-mi-11-lite-4g-blue-600x600.jpg',52),(59,'xiaomi-redmi-note-10-5g-xanh-bong-dem.jpg',54),(60,'xiaomi-mi-11-xanhduong.jpg',55),(61,'xiaomi-mi-10t-pro-den-600x600.jpg',56),(62,'xiaomi-redmi-note-10-pro-thumb-xam.jpg',57),(63,'Apple Watch S3 GPS.jpg',63),(64,'Apple Watch S5 LTE 44mm viền thép dây thép bạc.jpg',64),(65,'Apple Watch S6 40mm viền nhôm dây cao su hồng.jpg',65),(66,'Apple Watch S6 LTE.jpg',66),(67,'Apple Watch SE LTE.jpg',67),(68,'Apple Watch SE',68),(69,'BeU Active 1.jpg',69),(70,'BeU PT1.jpg',70),(71,'BeU PT2.jpg',72),(72,'BeU Sporty 1.jpg',73),(73,'BeU Watch KW09.jpg',74),(74,'Đồng hồ thông minh BeU B2.jpg',75),(75,'Garmin Enduro.jpg',76),(76,'Garmin Fenix 6 Pro Solar.jpg',77),(77,'Garmin Fenix 6.jpg',78),(78,'Garmin Fenix 6X Sapphire.jpg',79),(79,'Garmin Forerunner 945.jpg',80),(80,'Garmin Lily.jpg',81),(81,'Kidcare 06S.jpg',82),(82,'Kidcare 08S.jpg',83),(83,'Kidcare 26.jpg',84),(84,'Kidcare S6 Xanh.jpg',85),(85,'Kidcare S6.jpg',86),(86,'Kidcare S8.jpg',87),(87,'Oppo Band.jpg',88),(88,'Oppo Watch 41mm dây silicone đen.jpg',89),(89,'Oppo Watch 41mm dây silicone.jpg',90),(90,'Oppo Watch 41mm.jpg',91),(91,'Oppo Watch 46mm dây silicone đen.jpg',92),(92,'Oppo Watch 46mm.jpg',93),(93,'Samsung Galaxy Watch 3 45mm titanium.jpg',95),(95,'Samsung Galaxy Watch 3 LTE.jpg',97),(96,'Samsung Galaxy Watch 3.jpg',98),(100,'Samsung Galaxy Watch 4 LTE.jpg',99),(101,'Samsung Galaxy Watch 4.jpg',100),(102,'Samsung Galaxy Watch Active 2.jpg',101),(103,'20.490.000.jpg',102),(104,'11.690.000.jpg',103),(105,'20.690.000.jpg',104),(106,'18.990.000.jpg',105),(107,'28.990.000.jpg',106),(108,'Asus TUF Gaming FX506LH i5.jpg',108),(109,'Asus VivoBook A515EA i3.jpg',109),(110,'39.490.000Đ.jpg',110),(111,'32.490.000Đ.jpg',111),(112,'20.390.000Đ.jpg',112),(113,'31.290.000.jpg',113),(114,'27.290.000.jpg',114),(115,'41.490.000.jpg',115),(116,'30.590.000.jpg',116),(117,'29.990.000.jpg',117),(118,'18.590.000Đ.jpg',118),(119,'17.590.000Đ.jpg',119),(120,'51.740.000Đ.jpg',120),(121,'49.090.000.jpg',121),(122,'28.890.000.jpg',122),(123,'18.090.000.jpg',123),(124,'17.590.000.jpg',124),(125,'20.590.000.jpg',125),(126,'24.990.000.jpg',129),(127,'47.990.000.jpg',130),(128,'50.890.000.jpg',133),(129,'48.890.000.jpg',1007),(130,'48.890.000.jpg',1008),(131,'28.990.000.jpg',1009),(132,'MacBook Pro M1 2020.jpg',1010),(133,'MacBook Air M1 2020.jpg',1011),(135,'MacBook Air M1 2020 8GB512GBSilver.jpg',1013),(136,'MacBook Pro M1 2020 8GB512GBSilver.jpg',1014),(137,'MacBook Pro M1 2020 16GB1TB SSDSpace Grey.jpg',1015),(138,'31.990.000.jpg',1016),(139,'29.490.000.jpg',1017),(140,'52.490.00.jpg',1018),(141,'39.490.000.jpg',1019),(142,'32.490.000.jpg',1020),(143,'28.590.000.jpg',1021),(144,'24.490.000.jpg',1022),(145,'huawei-t10s-600x600-600x600.jpg',1023),(146,'huawei-matepad-xanh-600x600-600x600.jpg',1024),(147,'huawei-matepad-xam-128gb-600x600.jpg',1025),(149,'huawei-matepad-t8-xanh-600x600.jpg',1026),(150,'ipad-pro-2021-129-inch-silver-600x600.jpg',1027),(151,'ipad-pro-2021-11-inch-silver-600x600.jpg',1028),(152,'ipad-pro-12-9-inch-wifi-128gb-2020-xam.jpg',1029),(153,'ipad-pro-11-inch-wifi-cellular-128gb-2020-xam.jpg',1030),(155,'ipad-air-4-wifi-64gb-2020-xanhla.jpg',1031),(157,'ipad-mini-79-inch-wifi-cellular-64gb-2019.jpg',1032),(160,'ipad-gen-8-cellular-vang-new.jpg',1034),(161,'tab-m10-fhd-plus-600-600x600.jpg',1035),(162,'tab-m10-gen-2-600x600-600x600.jpg',1036),(163,'lenovo-tab-a22-xam-600x600.jpg',1037),(164,'lenovo-tab-m7-600x600-1-600x600.jpg',1038),(165,'lenovo-tab-e7-tb-7104i-600x600-600x600.jpg',1039),(166,'masstel-tab-10-ultra-vangdong-600x600-600x600.jpg',1040),(167,'masstel-tab-10-den-600x600-600x600.jpg',1041),(168,'masstel-tab10-pro-vang-new-600x600.jpg',1042),(169,'samsung-galaxy-tab-s7-fe-green-600x600.jpg',1043),(170,'samsung-galaxy-tab-a7-lite-sliver-600x600.jpg',1044),(171,'samsung-galaxy-tab-s7- ld-new-600x600.jpg',1045),(173,'samsung-galaxy-tab-a8-t295-2019-black-1.jpg',1046),(174,'samsung-galaxy-tab-s6-lite-600x600-2-600x600.jpg',1047),(175,'AirPods Pro Wireless Charge Apple MWP22(3).jpg',1091),(176,'AirPods Pro Wireless Charge Apple MWP22(4).jpg',1091),(177,'AirPods Pro Wireless Charge Apple MWP22.jpg',1091),(178,'Beats Flex MYMC2 MYMD2(3).jpg',1092),(179,'Beats Flex MYMC2 MYMD2(4).jpg',1092),(180,'Beats Flex MYMC2 MYMD2(5).jpg',1092),(181,'Beats Flex MYMC2 MYMD2.jpg',1092),(182,'True wireless Belkin Soundform Move PAC001(3).jpg',1094),(183,'True wireless Belkin Soundform Move PAC001(4).jpg',1094),(184,'True wireless Belkin Soundform Move PAC001(5).jpg',1094),(185,'True wireless Belkin Soundform Move PAC001(6).jpg',1094),(186,'True wireless Belkin Soundform Move PAC001.jpg',1094),(187,'True Wireless Mozard TS13(3).jpg',1095),(188,'True Wireless Mozard TS13(4).jpg',1095),(189,'True Wireless Mozard TS13.jpg',1095),(190,'True Wireless Rezo T206(3).jpg',1096),(191,'True Wireless Rezo T206(4).jpg',1096),(192,'True Wireless Rezo T206(5).jpg',1096),(193,'True Wireless Rezo T206(6).jpg',1096),(194,'True Wireless Rezo T206.jpg',1096),(195,'Bluetooth Cosano HD-P7(3).jpg',1099),(196,'Bluetooth Cosano HD-P7(4).jpg',1099),(197,'Bluetooth Cosano HD-P7(5).jpg',1099),(198,'Bluetooth Cosano HD-P7(6).jpg',1099),(199,'Bluetooth Cosano HD-P7.jpg',1099),(200,'Bluetooth Tripod Xmobile K06(3).jpg',1100),(201,'Bluetooth Tripod Xmobile K06(4).jpg',1100),(202,'Bluetooth Tripod Xmobile K06(5).jpg',1100),(203,'Bluetooth Tripod Xmobile K06(6).jpg',1100),(204,'Bluetooth Tripod Xmobile K06.jpg',1100),(205,'Mini Cosano CW1(3).jpg',1101),(206,'Mini Cosano CW1(4).jpg',1101),(207,'Mini Cosano CW1.jpg',1101),(208,'Osmia OW2(3).jpg',1102),(209,'Osmia OW2(4).jpg',1102),(210,'Osmia OW2.jpg',1102),(211,'Osmia OW4(3).jpg',1103),(212,'Osmia OW4(4).jpg',1103),(213,'Osmia OW4(5).jpg',1103),(214,'Osmia OW4(6).jpg',1103),(215,'Osmia OW4.jpg',1103),(216,'Cosano PH-Z1(3).jpg',1105),(217,'Cosano PH-Z1(4).jpg',1105),(218,'Cosano PH-Z1(5).jpg',1105),(219,'Cosano PH-Z1.jpg',1105),(220,'Esaver JHD -278(3).jpg',1106),(221,'Esaver JHD -278(4).jpg',1106),(222,'Esaver JHD -278(5).jpg',1106),(224,'Esaver JHD -278.jpg',1106),(225,'Esaver JHD-40HD12(3).jpg',1107),(226,'Esaver JHD-40HD12(4).jpg',1107),(227,'Esaver JHD-40HD12(5).jpg',1107),(228,'Esaver JHD-40HD12(6).jpg',1107),(229,'Esaver JHD-40HD12.jpg',1107),(230,'Esaver JHD-171(3).jpg',1108),(231,'Esaver JHD-171(4).jpg',1108),(232,'Esaver JHD-171(5).jpg',1108),(233,'Esaver JHD-171.jpg',1108),(234,'Harman Kardon Aura Studio 3(3).jpg',1109),(235,'Harman Kardon Aura Studio 3.jpg',1109),(236,'Loa JBL Clip 4(3).jpg',1110),(237,'Loa JBL Clip 4(4).jpg',1110),(238,'Loa JBL Clip 4.jpg',1110),(239,'Loa JBL   3(3).jpg',1112),(240,'Loa JBL   3.jpg',1112),(241,'Loa JBL Gred(4).jpg',1112),(242,'Sony SRS-XB13(2).jpg',1113),(243,'Sony SRS-XB13(3).jpg',1113),(244,'Sony SRS-XB13(4).jpg',1113),(245,'Sony SRS-XB13(5).jpg',1113),(246,'Sony SRS-XB13.jpg',1113),(247,'Anker PowerCore Slim A1231(3).jpg',1114),(248,'Anker PowerCore Slim A1231.jpg',1114),(249,'AVA+ PB100S(3).jpg',1115),(250,'AVA+ PB100S.jpg',1115),(251,'Belkin Pocket Power BPB001(2).jpg',1116),(252,'Belkin Pocket Power BPB001(3).jpg',1116),(253,'Belkin Pocket Power BPB001(4).jpg',1116),(254,'Belkin Pocket Power BPB001(5).jpg',1116),(255,'Energizer UE10054BK(3).jpg',1117),(256,'Energizer UE10054BK(4).jpg',1117),(257,'Energizer UE10054BK(5).jpg',1117),(258,'Energizer UE10054BK.jpg',1117),(259,'eValu PA Croco(3).jpg',1118),(260,'eValu PA Croco(4).jpg',1118),(261,'eValu PA Croco.jpg',1118),(262,'Xmobile PowerSlim PJ JP213(3).jpg',1119),(263,'Xmobile PowerSlim PJ JP213(4).jpg',1119),(264,'Xmobile PowerSlim PJ JP213(5).jpg',1119),(265,'Xmobile PowerSlim PJ JP213.jpg',1119),(266,'iphone 12 xanh dương(2).jpg',9),(267,'iphone 12 xanh dương(3).jpg',9),(268,'iphone 12 xanh dương(4).jpg',9),(269,'iphone 12 xanh dương(5).jpg',9),(270,'iPhone 12 Pro xanh dương(2).jpg',10),(271,'iPhone 12 Pro xanh dương(3).jpg',10),(272,'iPhone 12 Pro xanh dương(4).jpg',10),(273,'iPhone 12 Pro xanh dương(5).jpg',10),(274,'iPhone 12 Pro bạc(2).jpg',12),(275,'iPhone 12 Pro bạc(3).jpg',12),(276,'iPhone 12 Pro bạc(4).jpg',12),(277,'iPhone 12 Pro bạc(5).jpg',12),(278,'iphone-12-mini-den-2-org.jpg',13),(279,'iphone-12-mini-den-3-org(2).jpg',13),(280,'iphone-12-mini-den-5-1-org(3).jpg',13),(281,'iphone-12-mini-den-7-org(4).jpg',13),(282,'iphone-12-mini-den-10-org(5).jpg',13),(283,'iPhone XR 64GB(2).jpg',16),(284,'iPhone XR 64GB(3).jpg',16),(285,'iPhone XR 64GB(4).jpg',16),(286,'iPhone XR 64GB(5).jpg',16),(287,'iPhone SE 128GB(2).jpg',17),(288,'iPhone SE 128GB(3).jpg',17),(289,'iPhone SE 128GB(4).jpg',17),(290,'iPhone SE 128GB(5).jpg',17),(291,'iPhone SE 256GB(2).jpg',19),(292,'iPhone SE 256GB(3).jpg',19),(293,'iPhone SE 256GB(4).jpg',19),(294,'iPhone SE 256GB(5).jpg',19),(295,'iPhone 11 64GB(2).jpg',20),(296,'iPhone 11 64GB(3).jpg',20),(297,'iPhone 11 64GB(4).jpg',20),(298,'iPhone 11 64GB(5).jpg',20),(299,'OPPO Reno6 Z 5G(2).jpg',58),(300,'OPPO Reno6 Z 5G(3).jpg',58),(301,'OPPO Reno6 Z 5G(4).jpg',58),(302,'OPPO Reno6 Z 5G(5).jpg',58),(303,'OPPO Reno6 5G(2).jpg',59),(304,'OPPO Reno6 5G(3).jpg',59),(305,'OPPO Reno6 5G(4).jpg',59),(306,'OPPO Reno6 5G(5).jpg',59),(307,'OPPO A74(2).jpg',60),(308,'OPPO A74(3).jpg',60),(309,'OPPO A74(4).jpg',60),(310,'OPPO A74(5).jpg',60),(311,'OPPO Find X3 Pro 5G(2).jpg',61),(312,'OPPO Find X3 Pro 5G(3).jpg',61),(313,'OPPO Find X3 Pro 5G(4).jpg',61),(314,'OPPO Find X3 Pro 5G(5).jpg',61),(315,'OPPO Reno5 5G(2).jpg',62),(316,'OPPO Reno5 5G(3).jpg',62),(317,'OPPO Reno5 5G(4).jpg',62),(318,'OPPO Reno5 5G(5).jpg',62),(319,'Realme C21Y(2).jpg',28),(320,'Realme C21Y(3).jpg',28),(321,'Realme C25s(2).jpg',31),(322,'Realme C25s(3).jpg',31),(323,'Realme 8 Pro Vàng(2).jpg',34),(324,'Realme 8 Pro Vàng(3).jpg',34),(325,'Realme 8 Pro(2).jpg',35),(327,'Realme 8 Pro(3).jpg',35),(329,'Realme 8 Pro(4).jpg',35),(330,'Realme 8 Pro(5).jpg',35),(331,'Realme 7 Pro(2).jpg',37),(332,'Realme 7 Pro(3).jpg',37),(333,'Realme 7 Pro(4).jpg',37),(334,'Realme 7 Pro(5).jpg',37),(335,'Samsung Galaxy Z Fold3 bạc(2).jpg',23),(336,'Samsung Galaxy Z Fold3 bạc(3).jpg',23),(337,'Samsung Galaxy Z Fold3 bạc(4).jpg',23),(338,'Samsung Galaxy Z Fold3 bạc(5).jpg',23),(339,'Samsung Galaxy A52(2).jpg',24),(340,'Samsung Galaxy A52(3).jpg',24),(341,'Samsung Galaxy A52(4).jpg',24),(342,'Samsung Galaxy A52(5).jpg',24),(343,'Samsung Galaxy Z Fold2(2).jpg',26),(344,'Samsung Galaxy Z Fold2(3).jpg',26),(345,'Samsung Galaxy Z Fold2(4).jpg',26),(346,'Samsung Galaxy Z Fold2(5).jpg',26),(347,'Samsung Galaxy Z Fold2(6).jpg',26),(348,'Samsung Galaxy Z Fold3 xanh(2).jpg',25),(349,'Samsung Galaxy Z Fold3 xanh(3).jpg',25),(350,'Samsung Galaxy Z Fold3 xanh(4).jpg',25),(351,'Samsung Galaxy Z Fold3 xanh(5).jpg',25),(352,'Vivo Y12s(2).jpg',38),(353,'Vivo Y12s(3).jpg',38),(354,'Vivo Y12s(4).jpg',38),(355,'Vivo Y12s(5).jpg',38),(356,'Vivo Y53s(2).jpg',39),(357,'Vivo Y53s(3).jpg',39),(358,'Vivo Y53s(4).jpg',39),(359,'Vivo Y53s(5).jpg',39),(360,'Vivo V21(2).jpg',41),(361,'Vivo V21(3).jpg',41),(362,'Vivo V21(4).jpg',41),(363,'Vivo V21(5).jpg',41),(364,'Vivo V20 đen(2).jpg',42),(365,'Vivo V20 đen(3).jpg',42),(366,'Vivo V20 đen(4).jpg',42),(367,'Vivo V20 đen(5).jpg',42),(368,'Vivo V20(2).jpg',44),(369,'Vivo V20(3).jpg',44),(370,'Vivo V20(3).jpg',44),(371,'Vivo V20(4).jpg',44),(372,'Vivo V20(5).jpg',44),(373,'Harman Kardon Aura Studio 3(3).jpg',1120),(374,'Harman Kardon Aura Studio 3.jpg',1120),(375,'Loa JBL Clip 4(3).jpg',1122),(376,'Loa JBL Clip 4(4).jpg',1122),(377,'Loa JBL Clip 4.jpg',1122),(378,'Loa JBL   3(3).jpg',1123),(379,'Loa JBL   3.jpg',1123),(380,'Loa JBL Gred(4).jpg',1123),(381,'Sony SRS-XB13(3).jpg',1124),(382,'Sony SRS-XB13(4).jpg',1124),(383,'Sony SRS-XB13(5).jpg',1124),(384,'Sony SRS-XB13.jpg',1124),(385,'Anker PowerCore Slim A1231(3).jpg',1125),(386,'Anker PowerCore Slim A1231.jpg',1125),(387,'AVA+ PB100S(3).jpg',1126),(388,'AVA+ PB100S.jpg',1126),(389,'Belkin Pocket Power BPB001(2).jpg',1127),(390,'Belkin Pocket Power BPB001(3).jpg',1127),(391,'Belkin Pocket Power BPB001(4).jpg',1127),(392,'Belkin Pocket Power BPB001(5).jpg',1127),(393,'Energizer UE10054BK(3).jpg',1128),(394,'Energizer UE10054BK(4).jpg',1128),(395,'Energizer UE10054BK(5).jpg',1128),(396,'Energizer UE10054BK.jpg',1128),(397,'eValu PA Croco(3).jpg',1129),(398,'eValu PA Croco(4).jpg',1129),(399,'eValu PA Croco.jpg',1129),(400,'Xmobile PowerSlim PJ JP213(2).jpg',1130),(401,'Xmobile PowerSlim PJ JP213(3).jpg',1130),(402,'Xmobile PowerSlim PJ JP213(4).jpg',1130),(403,'Xmobile PowerSlim PJ JP213(5).jpg',1130),(404,'AirPods Pro Wireless Charge Apple MWP22(3).jpg',1133),(405,'AirPods Pro Wireless Charge Apple MWP22(4).jpg',1133),(406,'AirPods Pro Wireless Charge Apple MWP22.jpg',1133),(407,'Beats Flex MYMC2 MYMD2(3).jpg',1134),(408,'Beats Flex MYMC2 MYMD2(4).jpg',1134),(409,'Beats Flex MYMC2 MYMD2(5).jpg',1134),(410,'Beats Flex MYMC2 MYMD2.jpg',1134),(411,'True wireless Belkin Soundform Move PAC001(3).jpg',1135),(412,'True wireless Belkin Soundform Move PAC001(4).jpg',1135),(413,'True wireless Belkin Soundform Move PAC001(5).jpg',1135),(414,'True wireless Belkin Soundform Move PAC001(6).jpg',1135),(415,'True wireless Belkin Soundform Move PAC001.jpg',1135),(416,'True Wireless Mozard TS13(3).jpg',1136),(417,'True Wireless Mozard TS13(4).jpg',1136),(418,'True Wireless Mozard TS13.jpg',1136),(419,'True Wireless Rezo T206(3).jpg',1137),(420,'True Wireless Rezo T206(4).jpg',1137),(421,'True Wireless Rezo T206(5).jpg',1137),(422,'True Wireless Rezo T206(6).jpg',1137),(423,'True Wireless Rezo T206.jpg',1137),(424,'Vsmart Star 5(2).jpg',45),(425,'Vsmart Star 5(3).jpg',45),(426,'Vsmart Star 5(4).jpg',45),(427,'Vsmart Star 5(5).jpg',45),(428,'Vsmart Aris Pro(2).jpg',46),(429,'Vsmart Aris Pro(3).jpg',46),(430,'Vsmart Aris Pro(4).jpg',46),(431,'Vsmart Aris Pro(5).jpg',46),(432,'Vsmart Aris(2).jpg',47),(433,'Vsmart Aris(3).jpg',47),(434,'Vsmart Aris(4).jpg',47),(435,'Vsmart Aris(5).jpg',47),(436,'Vsmart Live 4(2).jpg',48),(437,'Vsmart Live 4(3).jpg',48),(438,'Vsmart Live 4(4).jpg',48),(439,'Vsmart Live 4(5).jpg',48),(440,'Vsmart Joy 4(2).jpg',50),(441,'Vsmart Joy 4(3).jpg',50),(442,'Vsmart Joy 4(4).jpg',50),(443,'Vsmart Joy 4(5).jpg',50),(444,'Xiaomi Mi 11 Lite(2).jpg',52),(445,'Xiaomi Mi 11 Lite(3).jpg',52),(446,'Xiaomi Mi 11 Lite(4).jpg',52),(447,'Xiaomi Mi 11 Lite(5).jpg',52),(448,'Xiaomi Redmi Note 10(2).jpg',54),(449,'Xiaomi Redmi Note 10(3).jpg',54),(450,'Xiaomi Redmi Note 10(4).jpg',54),(451,'Xiaomi Redmi Note 10(5).jpg',54),(452,'Xiaomi Mi 11 Lite(2).jpg',55),(453,'Xiaomi Mi 11 Lite(3).jpg',55),(454,'Xiaomi Mi 11 Lite(4).jpg',55),(455,'Xiaomi Mi 11 Lite(5).jpg',55),(456,'Xiaomi Mi 10T Pro(2).jpg',56),(457,'Xiaomi Mi 10T Pro(3).jpg',56),(458,'Xiaomi Mi 10T Pro(4).jpg',56),(459,'Xiaomi Mi 10T Pro(5).jpg',56),(460,'Xiaomi Redmi Note 10 Pro(2).jpg',57),(461,'Xiaomi Redmi Note 10 Pro(3).jpg',57),(462,'Xiaomi Redmi Note 10 Pro(4).jpg',57),(463,'Xiaomi Redmi Note 10 Pro(5).jpg',57),(464,'Apple Watch S3 GPS2.jpg',63),(465,'Apple Watch S3 GPS3.jpg',63),(466,'Apple Watch S3 GPS4.jpg',63),(467,'Apple Watch S3 GPS5.jpg',63),(468,'Apple Watch S5 LTE 44mm viền thép dây thép bạc.jpg',64),(470,'Apple Watch S5 LTE 44mm viền  thép bạc2.jpg',64),(471,'Apple Watch S5 LTE 44mm viền  thép bạc3.jpg',64),(472,'Apple Watch S6 LTE2.jpg',65),(473,'Apple Watch S6 LTE3.jpg',65),(474,'Apple Watch SE2.jpeg',66),(475,'Apple Watch SE3.jpg',66),(476,'Apple Watch SE LTE2.jpg',67),(477,'Apple Watch SE LTE3.jpg',67),(478,'Apple Watch SE2.jpeg',68),(479,'Apple Watch SE3.jpg',68),(480,'BeU Active 1(2).jpg',69),(481,'BeU Active 1(3).jpg',69),(482,'BeU Active 1(4).jpg',69),(483,'BeU Active 1(5).jpg',69),(484,'BeU Active 1(6).jpg',69),(485,'BeU PT1(2).jpg',70),(486,'BeU PT1(3).jpg',70),(487,'BeU PT1(4).jpg',70),(488,'BeU PT2(2).jpg',72),(489,'BeU PT2(3).jpg',72),(490,'BeU PT2(4).jpg',72),(491,'BeU Sporty 1(2).jpg',73),(492,'BeU Sporty 1(3).jpg',73),(493,'BeU Sporty 1(4).jpg',73),(494,'BeU Sporty 1(5).jpg',73),(495,'BeU Watch KW09(2).jpg',74),(496,'BeU Watch KW09(3).jpg',74),(497,'BeU B2(2).jpg',75),(498,'BeU B2(3).jpg',75),(499,'BeU B2(4).jpg',75),(500,'Garmin Enduro2.jpg',76),(501,'Garmin Enduro3.jpg',76),(502,'Garmin Enduro4.jpg',76),(503,'Garmin Enduro5.jpg',76),(504,'Garmin Enduro6.jpg',76),(505,'Garmin Fenix 6 Pro Solar2.jpg',77),(506,'Garmin Fenix 6 Pro Solar3.jpg',77),(507,'Garmin Fenix 6 Pro Solar4.jpg',77),(508,'Garmin Fenix 6 Pro Solar5.jpg',77),(509,'Garmin Fenix 6 Pro Solar6.jpg',77),(510,'Garmin Fenix 6(2).jpg',78),(511,'Garmin Fenix 6(3).jpg',78),(512,'Garmin Fenix 6(4).jpg',78),(513,'Garmin Fenix 6(5).jpg',78),(514,'Garmin Fenix 6(6).jpg',78),(515,'Garmin Fenix 6X Sapphire2.jpg',79),(516,'Garmin Fenix 6X Sapphire3.jpg',79),(517,'Garmin Fenix 6X Sapphire4.jpg',79),(518,'Garmin Fenix 6X Sapphire5.jpg',79),(519,'Garmin Fenix 6X Sapphire6.jpg',79),(520,'Garmin Forerunner 945(2).jpg',80),(521,'Garmin Forerunner 945(3).jpg',80),(522,'Garmin Forerunner 945(4).jpg',80),(523,'Garmin Forerunner 945(5).jpg',80),(524,'Garmin Forerunner 945(6).jpg',80),(525,'Garmin Lily2.jpg',81),(526,'Garmin Lily3.jpg',81),(527,'Garmin Lily5.jpg',81),(528,'Kidcare 06S(2).jpg',82),(529,'Kidcare 06S(3).jpg',82),(530,'Kidcare 06S(4).jpg',82),(531,'Kidcare 06S(5).jpg',82),(532,'Kidcare 06S(6).jpg',82),(533,'Kidcare 08S(2).jpg',83),(534,'Kidcare 08S(3).jpg',83),(535,'Kidcare 08S(4).jpg',83),(536,'Kidcare 08S(5).jpg',83),(537,'Kidcare 08S(6).jpg',83),(538,'Kidcare 26(2).jpg',84),(539,'Kidcare 26(3).jpg',84),(540,'Kidcare 26(4).jpg',84),(541,'Kidcare 26(5).jpg',84),(542,'Kidcare 26(6).jpg',84),(543,'Kidcare S6 Xanh2.jpg',85),(544,'Kidcare S6 Xanh3.jpg',85),(545,'Kidcare S6 Xanh4.jpg',85),(546,'Kidcare S6 Xanh5.jpg',85),(547,'Kidcare S6 Xanh6.jpg',85),(548,'Kidcare S6(2).jpg',86),(549,'Kidcare S6(3).jpg',86),(551,'Kidcare S6(4).jpg',86),(552,'Kidcare S6(5).jpg',86),(553,'Kidcare S6(6).jpg',86),(554,'Kidcare S8(2).jpg',87),(555,'Kidcare S8(3).jpg',87),(556,'Kidcare S8(4).jpg',87),(557,'Kidcare S8(5).jpg',87),(558,'Kidcare S8(6).jpg',87),(559,'Oppo Band2.jpg',88),(560,'Oppo Band3.jpg',88),(561,'Oppo Band4.jpg',88),(562,'Oppo Watch 41mm dây silicone đen2.jpg',89),(563,'Oppo Watch 41mm dây silicone đen3.jpg',89),(564,'Oppo Watch 41mm dây silicone đen4.jpg',89),(565,'Oppo Watch 41mm dây silicone đen5.jpg',89),(566,'Oppo Watch 41mm dây silicone đen6.jpg',89),(567,'Oppo Watch 41mm dây silicone2.png',90),(568,'Oppo Watch 41mm dây silicone3.png',90),(569,'Oppo Watch 41mm dây silicone4.png',90),(570,'Oppo Watch 41mm(2).jpg',91),(571,'Oppo Watch 41mm(3).jpg',91),(572,'Oppo Watch 41mm(4).jpg',91),(573,'Oppo Watch 41mm(5).jpg',91),(574,'Oppo Watch 41mm(6).jpg',91),(575,'Oppo Watch 46mm dây silicone đen2.jpg',92),(576,'Oppo Watch 46mm dây silicone đen3.jpg',92),(577,'Oppo Watch 46mm dây silicone đen4.jpg',92),(578,'Oppo Watch 46mm dây silicone đen5.jpg',92),(579,'Oppo Watch 46mm dây silicone đen6.jpg',92),(580,'Oppo Watch 46mm(2).jpg',93),(581,'Oppo Watch 46mm(3).jpg',93),(582,'Oppo Watch 46mm(4).jpg',93),(583,'Oppo Watch 46mm(5).jpg',93),(584,'Oppo Watch 46mm(6).jpg',93),(585,'Oppo Watch 46mm.jpg',93),(586,'a2.jpg',1141),(587,'a3.jpg',1141),(588,'a4.jpg',1141),(589,'a5.jpg',1141),(590,'a6.jpg',1141),(591,'a8.jpg',1142),(592,'a9.jpg',1142),(593,'a10.jpg',1142),(594,'a11.jpg',1142),(595,'a12.jpg',1142),(596,'a14.jpg',1143),(597,'a15.jpg',1143),(598,'a16.jpg',1143),(599,'a17.jpg',1143),(600,'a18.jpg',1143),(601,'a20.jpg',1144),(602,'a21.jpg',1144),(603,'a22.jpg',1144),(604,'a23.jpg',1144),(605,'a24.jpg',1144),(606,'a25.jpg',1144),(608,'a27.jpg',1146),(609,'a28.jpg',1146),(610,'a29.jpg',1146),(611,'a30.jpg',1146),(612,'a31.jpg',1146),(613,'b2.jpg',1147),(614,'b3.jpg',1147),(615,'b4.jpg',1147),(616,'b5.jpg',1147),(617,'b7.jpg',1148),(618,'b8.jpg',1148),(619,'b9.jpg',1148),(620,'b10.jpg',1148),(621,'b12.jpg',1149),(622,'b13.jpg',1149),(623,'b14.jpg',1149),(624,'b15.jpg',1149),(625,'b17.jpg',1150),(626,'b18.jpg',1150),(627,'b19.jpg',1150),(628,'b21.jpg',1151),(629,'b22.jpg',1151),(630,'b23.jpg',1151),(631,'b24.jpg',1151),(632,'b25.jpg',1151),(633,'c2.jpg',1152),(634,'c3.jpg',1152),(635,'c4.jpg',1152),(636,'c5.jpg',1152),(637,'c6.jpg',1152),(638,'c8.jpg',1157),(639,'c9.jpg',1157),(640,'c10.jpg',1157),(641,'c12.jpg',1158),(642,'c13.jpg',1158),(643,'c14.jpg',1158),(644,'c15.jpg',1158),(645,'c16.jpg',1158),(646,'c18.jpg',1159),(647,'c19.jpg',1159),(648,'c20.jpg',1159),(649,'c21.jpg',1159),(650,'c22.jpg',1159),(651,'c24.jpg',1160),(652,'c25.jpg',1160),(653,'c26.jpg',1160),(654,'c27.jpg',1160),(655,'c28.jpg',1160),(656,'c29.jpg',1160),(657,'c30.jpg',1160),(658,'d2.jpg',1163),(659,'d3.jpg',1163),(660,'d4.jpg',1163),(661,'d5.jpg',1163),(662,'d6.jpg',1163),(663,'d8.jpg',1164),(664,'d9.jpg',1164),(665,'d10.jpg',1164),(666,'d11.jpg',1164),(667,'d12.jpg',1164),(668,'d14.jpg',1165),(669,'d15.jpg',1165),(670,'d16.jpg',1165),(671,'d17.jpg',1165),(672,'d18.jpg',1165),(673,'d19.jpg',1165),(674,'d21.jpg',1169),(675,'d22.jpg',1169),(676,'d23.jpg',1169),(677,'d24.jpg',1169),(678,'d25.jpg',1169),(679,'d27.jpg',1170),(680,'d28.jpg',1170),(681,'d29.jpg',1170),(682,'d30.jpg',1170),(683,'d31.jpg',1170),(684,'e2.jpg',1171),(686,'e3.jpg',1171),(687,'e4.jpg',1171),(688,'e5.jpg',1171),(689,'e6.jpg',1171),(690,'e8.jpg',1172),(691,'e9.jpg',1172),(692,'e10.jpg',1172),(693,'e12.jpg',1173),(694,'e13.jpg',1173),(695,'e14.jpg',1173),(696,'e15.jpg',1173),(697,'e17.jpg',1175),(699,'e18.jpg',1175),(700,'e20.jpg',1175),(701,'e21.jpg',1175),(702,'e23.jpg',1176),(703,'e24.jpg',1176),(704,'e25.jpg',1176),(705,'e26.jpg',1176),(706,'1.jpg',102),(707,'2.jpg',102),(708,'3.jpg',102),(710,'4.jpg',102),(711,'5.jpg',102),(712,'6.jpg',102),(713,'7.jpg',102),(714,'8.jpg',102),(715,'9.jpg',102),(716,'1.1.jpg',103),(717,'1.2.jpg',103),(718,'1.3.jpg',103),(719,'1.4.jpg',103),(720,'1.5.jpg',103),(721,'1.6.jpg',103),(722,'1.7.jpg',103),(723,'1.8.jpg',103),(724,'1.9.jpg',103),(725,'1.10.jpg',103),(726,'1.11.jpg',104),(727,'1.12.jpg',104),(728,'1.13.jpg',104),(729,'1.14.jpg',104),(730,'1.15.jpg',104),(731,'1.16.jpg',104),(732,'1.17.jpg',104),(733,'1.18.jpg',104),(734,'1.19.jpg',104),(735,'1.20.jpg',105),(736,'1.21.jpg',105),(737,'1.22.jpg',105),(738,'1.23.jpg',105),(739,'1.24.jpg',105),(740,'1.25.jpg',105),(741,'1.26.jpg',105),(742,'1.27.jpg',106),(743,'1.28.jpg',106),(744,'1.29.jpg',106),(745,'1.30.jpg',106),(746,'1.31.jpg',106),(747,'1.32.jpg',106),(748,'1.33.jpg',106),(749,'1.34.jpg',106),(750,'1.35.jpg',106),(751,'2.1.jpg',108),(752,'2.2.jpg',108),(753,'2.3.jpg',108),(754,'2.4.jpg',108),(755,'2.5.jpg',108),(756,'2.6.jpg',108),(757,'2.7.jpg',108),(758,'2.8.jpg',108),(759,'2.9.jpg',108),(760,'2.10.jpg',109),(761,'2.11.jpg',109),(762,'2.12.jpg',109),(763,'2.13.jpg',109),(764,'2.14.jpg',109),(765,'2.15.jpg',109),(766,'2.16.jpg',109),(767,'2.17.jpg',109),(768,'2.18.jpg',109),(769,'2.19.jpg',110),(771,'2.20.jpg',110),(772,'2.21.jpg',110),(773,'2.22.jpg',110),(774,'2.23.jpg',110),(775,'2.24.jpg',110),(776,'2.25.jpg',110),(777,'2.26.jpg',110),(778,'2.27.jpg',110),(779,'2.28.jpg',111),(780,'2.29.jpg',111),(781,'2.30.jpg',112),(782,'2.31.jpg',111),(783,'2.32.jpg',111),(784,'2.33.jpg',111),(785,'2.34.jpg',111),(786,'2.35.jpg',111),(787,'2.36.jpg',111),(788,'2.37.jpg',112),(789,'2.38.jpg',112),(790,'2.39.jpg',112),(791,'2.40.jpg',112),(792,'2.41.jpg',112),(793,'2.42.jpg',112),(794,'2.43.jpg',112),(795,'2.44.jpg',112),(796,'2.45.jpg',112),(797,'2.46.jpg',112),(798,'3.1.jpg',113),(800,'3.2.jpg',113),(801,'3.3.jpg',113),(802,'3.4.jpg',113),(803,'3.5.jpg',113),(804,'3.6.jpg',113),(806,'3.7.jpg',113),(807,'3.8.jpg',113),(808,'3.9.jpg',113),(809,'3.10.jpg',114),(810,'3.11.jpg',114),(811,'3.12.jpg',114),(812,'3.13.jpg',114),(813,'3.14.jpg',114),(814,'3.15.jpg',114),(815,'3.16.jpg',114),(816,'3.17.jpg',114),(818,'3.18.jpg',114),(819,'3.19.jpg',115),(820,'3.20.jpg',115),(821,'3.21.jpg',115),(822,'3.22.jpg',115),(823,'3.23.jpg',115),(824,'3.24.jpg',115),(825,'3.25.jpg',115),(826,'3.26.jpg',116),(827,'3.27.jpg',116),(828,'3.28.jpg',116),(829,'3.29.jpg',116),(830,'3.30.jpg',116),(831,'3.31.jpg',116),(832,'3.32.jpg',116),(833,'3.33.jpg',116),(835,'3.34.jpg',116),(836,'3.35.jpg',116),(837,'3.36.jpg',117),(838,'3.37.jpg',117),(839,'3.38.jpg',117),(841,'3.39.jpg',117),(842,'3.40.jpg',117),(843,'3.41.jpg',117),(844,'3.42.jpg',117),(845,'4.1.jpg',118),(846,'4.2.jpg',118),(847,'4.3.jpg',118),(848,'4.4.jpg',118),(849,'4.5.jpg',118),(850,'4.6.jpg',118),(851,'4.7.jpg',118),(852,'4.8.jpg',118),(853,'4.9.jpg',118),(854,'4.10.jpg',119),(855,'4.11.jpg',119),(856,'4.12.jpg',119),(857,'4.13.jpg',119),(858,'4.14.jpg',119),(859,'4.15.jpg',119),(860,'4.16.jpg',119),(861,'4.17.jpg',120),(862,'4.18.jpg',120),(863,'4.19.jpg',120),(864,'4.20.jpg',120),(865,'4.21.jpg',120),(866,'4.21.jpg',120),(867,'4.22.jpg',120),(868,'4.23.jpg',120),(869,'4.24.jpg',120),(870,'4.25.jpg',120),(871,'4.26.jpg',121),(872,'4.27.jpg',121),(873,'4.28.jpg',121),(874,'4.29.jpg',121),(875,'4.30.jpg',121),(876,'4.31.jpg',121),(877,'4.32.jpg',121),(878,'4.33.jpg',121),(879,'4.34.jpg',121),(880,'4.35.jpg',121),(882,'4.36.jpg',121),(883,'4.37.jpg',121),(884,'4.38.jpg',122),(885,'4.39.jpg',122),(886,'4.40.jpg',122),(887,'4.41.jpg',122),(888,'4.42.jpg',122),(890,'4.43.jpg',122),(891,'4.44.jpg',122),(892,'4.45.jpg',122),(893,'4.46.jpg',122),(894,'4.47.jpg',122),(895,'5.1.jpg',123),(896,'5.2.jpg',123),(897,'5.3.jpg',123),(898,'5.4.jpg',123),(899,'5.5.jpg',123),(900,'5.6.jpg',123),(901,'5.7.jpg',123),(902,'5.8.jpg',123),(903,'5.9.jpg',123),(904,'5.10.jpg',123),(905,'5.11.jpg',124),(906,'5.12.jpg',124),(907,'5.13.jpg',124),(908,'5.14.jpg',124),(909,'5.15.jpg',124),(910,'5.16.jpg',124),(911,'5.17.jpg',124),(912,'5.18.jpg',124),(913,'5.19.jpg',124),(914,'5.20.jpg',124),(915,'5.21.jpg',125),(916,'5.22.jpg',125),(917,'5.23.jpg',125),(918,'5.24.jpg',125),(919,'5.25.jpg',125),(920,'5.26.jpg',125),(921,'5.27.jpg',125),(922,'5.28.jpg',125),(923,'5.29.jpg',125),(924,'5.30.jpg',129),(925,'5.31.jpg',129),(926,'5.32.jpg',129),(927,'5.33.jpg',129),(928,'5.34.jpg',129),(929,'5.35.jpg',129),(930,'5.36.jpg',129),(931,'5.37.jpg',129),(932,'5.38.jpg',129),(933,'5.39.jpg',129),(934,'5.40.jpg',129),(935,'5.41.jpg',130),(936,'5.42.jpg',130),(937,'5.43.jpg',130),(938,'5.44.jpg',130),(939,'5.45.jpg',130),(940,'5.46.jpg',130),(941,'5.47.jpg',130),(942,'5.48.jpg',130),(943,'5.49.jpg',130),(944,'5.50.jpg',130),(945,'5.51.jpg',130),(946,'5.52.jpg',130),(948,'5.53.jpg',130),(949,'6.1.jpg',133),(950,'6.2.jpg',133),(951,'6.3.jpg',133),(952,'6.4.jpg',133),(953,'6.5.jpg',133),(954,'6.6.jpg',133),(955,'6.7.jpg',133),(956,'6.8.jpg',133),(957,'6.9.jpg',133),(958,'6.10.jpg',133),(959,'6.11.jpg',133),(960,'6.12.jpg',1007),(961,'6.13.jpg',1007),(962,'6.14.jpg',1007),(963,'6.15.jpg',1007),(964,'6.16.jpg',1007),(965,'6.17.jpg',1007),(966,'6.18.jpg',1007),(967,'6.19.jpg',1007),(968,'6.20.jpg',1007),(969,'6.21.jpg',1007),(970,'6.23.jpg',1008),(971,'6.24.jpg',1008),(972,'6.25.jpg',1008),(973,'6.26.jpg',1008),(974,'6.27.jpg',1008),(975,'6.28.jpg',1008),(976,'6.29.jpg',1008),(977,'6.30.jpg',1008),(978,'6.31.jpg',1008),(979,'6.32.jpg',1009),(980,'6.33.jpg',1009),(981,'6.34.jpg',1009),(982,'6.35.jpg',1009),(983,'6.36.jpg',1009),(984,'6.37.jpg',1009),(985,'6.38.jpg',1009),(986,'6.39.jpg',1009),(987,'6.40.jpg',1009),(988,'6.41.jpg',1009),(989,'7.1.jpg',1010),(990,'7.2.jpg',1010),(991,'7.3.jpg',1010),(992,'7.4.jpg',1010),(993,'7.5.jpg',1010),(994,'7.6.jpg',1010),(995,'7.7.jpg',1010),(996,'7.8.jpg',1011),(997,'7.9.jpg',1011),(998,'7.10.jpg',1011),(999,'7.11.jpg',1011),(1000,'7.12.jpg',1011),(1001,'7.13.jpg',1011),(1002,'7.14.jpg',1013),(1003,'7.15.jpg',1013),(1004,'7.16.jpg',1013),(1005,'7.17.jpg',1013),(1006,'7.18.jpg',1013),(1007,'7.19.jpg',1014),(1008,'7.20.jpg',1014),(1009,'7.21.jpg',1014),(1010,'7.22.jpg',1014),(1011,'7.23.jpg',1014),(1012,'7.24.jpg',1014),(1013,'7.25.jpg',1015),(1014,'7.26.jpg',1015),(1015,'7.27.jpg',1015),(1016,'7.28.jpg',1015),(1017,'7.29.jpg',1015),(1018,'8.1.jpg',1016),(1019,'8.2.jpg',1016),(1020,'8.3.jpg',1016),(1021,'8.4.jpg',1016),(1022,'8.5.jpg',1016),(1023,'8.6.jpg',1016),(1024,'8.7.jpg',1016),(1025,'8.8.jpg',1016),(1026,'8.9.jpg',1016),(1027,'8.10.jpg',1016),(1028,'8.11.jpg',1017),(1029,'8.12.jpg',1017),(1030,'8.13.jpg',1017),(1031,'8.14.jpg',1017),(1032,'8.15.jpg',1017),(1033,'8.16.jpg',1017),(1034,'8.17.jpg',1017),(1035,'8.18.jpg',1017),(1036,'8.19.jpg',1017),(1037,'8.20.jpg',1017),(1038,'8.21.jpg',1018),(1039,'8.22.jpg',1018),(1040,'8.23.jpg',1018),(1041,'8.24.jpg',1018),(1042,'8.25.jpg',1018),(1043,'8.26.jpg',1018),(1044,'8.27.jpg',1018),(1045,'8.28.jpg',1018),(1046,'8.29.jpg',1019),(1047,'8.30.jpg',1019),(1048,'8.31.jpg',1019),(1049,'8.32.jpg',1019),(1050,'8.33.jpg',1019),(1051,'8.34.jpg',1019),(1052,'8.35.jpg',1019),(1053,'8.36.jpg',1019),(1054,'8.37.jpg',1019),(1055,'8.38.jpg',1019),(1056,'8.39.jpg',1020),(1057,'8.40.jpg',1020),(1058,'8.41.jpg',1020),(1059,'8.42.jpg',1020),(1060,'8.43.jpg',1020),(1061,'8.44.jpg',1020),(1062,'8.45.jpg',1020),(1063,'8.46.jpg',1020),(1064,'8.47.jpg',1020),(1065,'8.48.jpg',1020),(1066,'8.49.jpg',1021),(1067,'8.50.jpg',1021),(1068,'8.51.jpg',1021),(1070,'8.52.jpg',1021),(1071,'8.53.jpg',1021),(1072,'8.54.jpg',1021),(1073,'8.55.jpg',1021),(1074,'8.56.jpg',1021),(1075,'8.57.jpg',1021),(1076,'8.58.jpg',1021),(1077,'8.59.jpg',1022),(1078,'8.60.jpg',1022),(1079,'8.61.jpg',1022),(1080,'8.62.jpg',1022),(1081,'8.63.jpg',1022),(1082,'8.64.jpg',1022),(1083,'8.65.jpg',1022),(1084,'8.66.jpg',1022),(1086,'8.67.jpg',1022),(1088,'8.68.jpg',1022),(1089,'9.1.jpg',1023),(1090,'9.2.jpg',1023),(1091,'9.3.jpg',1023),(1092,'9.4.jpg',1023),(1093,'9.5.jpg',1023),(1094,'9.6.jpg',1023),(1095,'9.7.jpg',1024),(1096,'9.8.jpg',1024),(1097,'9.9.jpg',1024),(1098,'9.10.jpg',1024),(1099,'9.11.jpg',1024),(1100,'9.12.jpg',1024),(1101,'9.13.jpg',1024),(1102,'9.14.jpg',1024),(1103,'9.15.jpg',1024),(1104,'9.16.jpg',1025),(1105,'9.17.jpg',1025),(1106,'9.18.jpg',1025),(1107,'9.19.jpg',1025),(1108,'9.20.jpg',1025),(1109,'9.21.jpg',1025),(1110,'9.22.jpg',1025),(1111,'9.23.jpg',1025),(1112,'9.24.jpg',1025),(1113,'9.25.jpg',1026),(1114,'9.26.jpg',1026),(1115,'9.27.jpg',1026),(1116,'9.28.jpg',1026),(1117,'9.29.jpg',1026),(1118,'9.30.jpg',1026),(1119,'10.1.jpg',1027),(1120,'10.2.jpg',1027),(1121,'10.3.jpg',1027),(1122,'10.4.jpg',1027),(1123,'10.5.jpg',1027),(1124,'10.6.jpg',1027),(1125,'10.7.jpg',1028),(1126,'10.8.jpg',1028),(1127,'10.9.jpg',1028),(1128,'10.10.jpg',1028),(1129,'10.11.jpg',1028),(1130,'10.12.jpg',1028),(1131,'10.13.jpg',1028),(1132,'10.14.jpg',1028),(1133,'10.15.jpg',1029),(1134,'10.16.jpg',1029),(1135,'10.17.jpg',1029),(1136,'10.18.jpg',1029),(1137,'10.19.jpg',1029),(1138,'10.20.jpg',1029),(1139,'10.21.jpg',1030),(1140,'10.22.jpg',1030),(1141,'10.23.jpg',1030),(1142,'10.24.jpg',1030),(1143,'10.25.jpg',1030),(1144,'10.26.jpg',1031),(1145,'10.27.jpg',1031),(1146,'10.28.jpg',1031),(1147,'10.29.jpg',1031),(1148,'10.30.jpg',1031),(1149,'10.31.jpg',1031),(1150,'10.32.jpg',1032),(1151,'10.33.jpg',1032),(1152,'10.34.jpg',1032),(1153,'10.35.jpg',1032),(1154,'10.36.jpg',1032),(1155,'10.37.jpg',1032),(1156,'10.38.jpg',1032),(1157,'10.39.jpg',1034),(1158,'10.40.jpg',1034),(1159,'10.41.jpg',1034),(1160,'10.42.jpg',1034),(1161,'10.43.jpg',1034),(1162,'10.44.jpg',1034),(1163,'11.1.jpg',1035),(1164,'11.2.jpg',1035),(1165,'11.3.jpg',1035),(1166,'11.4.jpg',1035),(1167,'11.5.jpg',1035),(1168,'11.6.jpg',1035),(1169,'11.7.jpg',1035),(1170,'11.8.jpg',1035),(1171,'11.9.jpg',1035),(1172,'11.10.jpg',1035),(1173,'11.11.jpg',1035),(1175,'11.12.jpg',1035),(1176,'11.13.jpg',1036),(1177,'11.14.jpg',1036),(1178,'11.15.jpg',1036),(1179,'11.16.jpg',1036),(1180,'11.17.jpg',1036),(1181,'11.18.jpg',1036),(1182,'11.19.jpg',1037),(1183,'11.20.jpg',1037),(1184,'11.21.jpg',1037),(1185,'11.22.jpg',1037),(1186,'11.23.jpg',1037),(1187,'11.24.jpg',1037),(1188,'11.25.jpg',1038),(1189,'11.26.jpg',1038),(1190,'11.27.jpg',1038),(1191,'11.28.jpg',1038),(1192,'11.29.jpg',1038),(1193,'11.30.jpg',1038),(1194,'11.31.jpg',1038),(1195,'11.32.jpg',1039),(1196,'11.33.jpg',1039),(1197,'11.34.jpg',1039),(1198,'11.35.jpg',1039),(1199,'11.36.jpg',1039),(1200,'11.37.jpg',1039),(1201,'12.1.jpg',1040),(1202,'12.2.jpg',1040),(1203,'12.3.jpg',1040),(1204,'12.4.jpg',1040),(1205,'12.5.jpg',1040),(1206,'12.6.jpg',1040),(1207,'12.7.jpg',1040),(1208,'12.8.jpg',1040),(1209,'12.9.jpg',1041),(1210,'12.10.jpg',1041),(1211,'12.11.jpg',1041),(1212,'12.12.jpg',1041),(1213,'12.13.jpg',1041),(1214,'12.14.jpg',1041),(1215,'12.15.jpg',1041),(1216,'12.16.jpg',1041),(1217,'12.17.jpg',1042),(1218,'12.18.jpg',1042),(1219,'12.19.jpg',1042),(1220,'12.20.jpg',1042),(1221,'12.21.jpg',1042),(1222,'12.22.jpg',1042),(1223,'12.23.jpg',1042),(1224,'13.1.jpg',1043),(1225,'13.2.jpg',1043),(1226,'13.3.jpg',1043),(1227,'13.4.jpg',1043),(1228,'13.5.jpg',1043),(1229,'13.6.jpg',1043),(1230,'13.7.jpg',1044),(1231,'13.8.jpg',1044),(1232,'13.9.jpg',1044),(1233,'13.10.jpg',1044),(1234,'13.11.jpg',1044),(1235,'13.12.jpg',1044),(1236,'13.13.jpg',1044),(1237,'13.14.jpg',1044),(1238,'13.15.jpg',1045),(1239,'13.16.jpg',1045),(1240,'13.17.jpg',1045),(1241,'13.18.jpg',1045),(1242,'13.19.jpg',1045),(1243,'13.20.jpg',1045),(1244,'13.21.jpg',1045),(1245,'13.22.jpg',1046),(1246,'13.23.jpg',1046),(1247,'13.24.jpg',1046),(1248,'13.25.jpg',1046),(1249,'13.26.jpg',1046),(1250,'13.27.jpg',1046),(1251,'13.28.jpg',1046),(1253,'13.29.jpg',1046),(1254,'13.30.jpg',1047),(1255,'13.31.jpg',1047),(1256,'13.32.jpg',1047),(1257,'13.33.jpg',1047),(1258,'13.34.jpg',1047),(1259,'13.35.jpg',1047),(1260,'13.36.jpg',1047),(1261,'13.37.jpg',1047);
/*!40000 ALTER TABLE `image` ENABLE KEYS */;
UNLOCK TABLES;

--
-- Table structure for table `introduce`
--

DROP TABLE IF EXISTS `introduce`;
/*!40101 SET @saved_cs_client     = @@character_set_client */;
 SET character_set_client = utf8mb4 ;
CREATE TABLE `introduce` (
  `Id` int(11) NOT NULL AUTO_INCREMENT,
  `ProductId` int(11) NOT NULL,
  `data` varchar(500) CHARACTER SET utf8 COLLATE utf8_general_ci NOT NULL,
  PRIMARY KEY (`Id`)
) ENGINE=InnoDB AUTO_INCREMENT=180 DEFAULT CHARSET=utf8mb4 COLLATE=utf8mb4_0900_ai_ci;
/*!40101 SET character_set_client = @saved_cs_client */;

--
-- Dumping data for table `introduce`
--

LOCK TABLES `introduce` WRITE;
/*!40000 ALTER TABLE `introduce` DISABLE KEYS */;
INSERT INTO `introduce` VALUES (1,118,'Hiệu năng làm việc và học tập mạnh mẽ đến từ HP Pavilion 15 eg0505TU i5 1135G7 (46M02PA) cùng kiểu dáng thanh lịch là bạn đồng hành lý tưởng, đáp ứng mọi nhu cầu hàng ngày của người dùng.'),(2,119,'Laptop HP 15s fq2559TU i5 (46M27PA) sở hữu n ại hình thanh lịch và vi xử lý Intel thế hệ 11 hiện đại, kết hợp công nghệ màn hình cao cấp cho hiệu năng ổn định và chất lượng hình ảnh tuyệt vời.'),(3,120,'HP Omen 15 ek0078TX i7 (26Y68PA) là chiếc laptop gaming mang trong mình sức mạnh siêu phàm nhờ sở hữu cấu hình gồm con chip Intel Core i7 mạnh mẽ và vi xử lý đồ họa cực mượt mà nhưng vẫn giữ n ại hình tương đối mỏng nhẹ, đây chính là công cụ đắc lực, đồng hành cùng bạn trong mọi cuộc chiến.'),(4,121,'Đẳng cấp và ấn tượng hơn bao giờ hết cùng laptop HP EliteBook X360 1040 G8 i7 (3G1H4PA) với thiết kế sang trọng, bản lề gập xoay 360 độ cùng khả năng vận hành và xử lý mọi tác vụ mạnh mẽ mang đến những trải nghiệm trọn vẹn, khó quên cho người dùng.'),(5,122,'Laptop HP Envy 13 ba1030TU i7 (2K0B6PA) sở hữu thiết kế mỏng nhẹ cùng cấu hình cực mạnh mẽ đáp ứng đa dạng nhu cầu làm việc, giúp bạn đạt được hiệu suất làm việc tốt nhất.'),(6,123,'Sở hữu thiết kế mỏng nhẹ và thanh lịch, Lenovo IdeaPad Slim 5 15ITL05 i5 1135G7 (82FG001PVN) không chỉ là một mẫu laptop thời trang, mà còn mang trên mình sức mạnh vô cùng mạnh mẽ đến từ bộ vi xử lý Intel Core i5 thế hệ thứ 11 giúp bạn hoàn thành xuất sắc mọi công việc.'),(7,124,'Laptop Lenovo IdeaPad 3 15ITL6 i5 (82H80042VN) với thiết kế mỏng nhẹ đẹp mắt cùng hiệu năng ổn định giúp bạn hoàn thành công việc một cách nhanh chóng, hiệu quả.'),(8,125,'Laptop Lenovo Ideapad 5 15ITL05 i5 1135G7 (82FG00P5VN) là một sản phẩm “hoàn hảo\" từ thiết kế thông minh, tinh tế đến cấu hình mạnh mẽ của Intel thế hệ 11, đáp ứng mọi nhu cầu cho bạn từ tác vụ văn phòng đến đồ họa chuyên nghiệp, giải trí, chơi game đơn giản, rất xứng đáng để bạn sở hữu ngay.'),(9,129,'Laptop Lenovo Ideapad Gaming 3 15IMH05 i7 (81Y4013UVN) là dòng laptop gaming tầm trung với thiết kế tối giản, vẻ n ài không quá hầm hố nhưng vẫn sở hữu hiệu năng cao đáp ứng tốt từ nhu cầu làm việc đến giải trí.'),(10,130,'Sang trọng, đẳng cấp, mạnh mẽ là những mỹ từ tóm gọn giá trị mà laptop Lenovo Yoga 9 14ITL5 (82BG006EVN) mang lại cho bạn. Nếu đang tìm 1 chiếc laptop mỏng nhẹ, linh hoạt, cấu hình ấn tượng hỗ trợ các tác vụ nặng, trải nghiệm ngay phiên bản cao cấp này từ Lenovo.'),(11,133,'LG Gram 16 2021 i7 (16Z90P-G.AH73A5) với thiết kế siêu mỏng cùng cấu hình mạnh với chip Intel thế hệ 11, card đồ họa Intel Iris Xe Graphics đáp ứng mọi nhu cầu người dùng từ văn phòng đến đồ họa chuyên nghiệp.'),(12,1007,'Với tính chất công việc cần di chuyển nhiều hay phải mang laptop đi làm thường xuyên, LG Gram 16 2021 i7 (16Z90P-G.AH75A5) vừa mỏng nhẹ vừa có hiệu năng mạnh mẽ từ bộ vi xử lý Intel thế hệ 11 tân tiến sẽ là cộng sự tuyệt vời mà bạn luôn tìm kiếm bấy lâu nay.'),(13,1008,'LG Gram 14 2021 i7 (14Z90P-G.AH75A5) tự tin đồng hành cùng bạn di chuyển khắp mọi nơi với thiết kế siêu gọn nhẹ và sang trọng cùng bộ vi xử lý mạnh mẽ đạt chuẩn Intel Evo.'),(14,1009,'Laptop LG Gram 14 i5 (14Z90N-V.AR52A5) là phiên bản laptop siêu gọn nhẹ tiện lợi cho mọi nhu cầu dịch chuyển của bạn. Không chỉ đem đến thiết kế ấn tượng, LG còn trang bị cho đứa con tinh thần của mình nhiều tính năng hiện đại cùng độ bền đạt chuẩn quân đội.'),(15,1010,'Apple Macbook Pro M1 2020 được nâng cấp với bộ vi xử lý mới cực kỳ mạnh mẽ, chiếc laptop này sẽ phục vụ tốt cho công việc của bạn, đặc biệt cho lĩnh vực đồ họa, kỹ thuật.'),(16,1011,'Apple MacBook Air M1 sở hữu các tính năng hiện đại cùng với hiệu năng mạnh mẽ từ Chip Apple M1 độc quyền từ Apple, chiếc laptop nhỏ gọn này rất phù hợp với sinh viên, nhân viên văn phòng không chỉ xử lý tốt các tác vụ văn phòng mà còn giải quyết ổn định thiết kế đồ hoạ.'),(17,1013,'Laptop Apple MacBook Air M1 2020 có thiết kế đẹp, sang trọng với CPU M1 độc quyền từ Apple cho hiệu năng đồ họa cao, màn hình Retina hiển thị siêu nét cùng với hệ thống bảo mật tối ưu.'),(18,1014,'Apple Macbook Pro M1 2020 được nâng cấp với bộ vi xử lý mới cực kỳ mạnh mẽ, chiếc laptop này sẽ phục vụ tốt cho công việc của bạn, đặc biệt cho lĩnh vực đồ họa, kỹ thuật.'),(19,1015,'Laptop Apple Macbook Pro M1 2020 (Z11C000CJ) với chip M1 dành riêng cho MacBook đưa hiệu năng của MacBook Pro 2020 lên một tầm cao mới. Màn hình Retina siêu nét, thời lượng pin ấn tượng và hàng loạt các tính năng hiện đại giúp bạn có được trải nghiệm làm việc chuyên nghiệp nhất.'),(20,1016,'Laptop MSI GF65 10UE i7 (228VN) sở hữu thiết kế đẳng cấp cùng hiệu năng mạnh mẽ, đặc biệt hiệu suất chơi game được nâng cấp đáng kể mang đến cho bạn những giờ phút giải trí bất tận.'),(21,1017,'Laptop MSI Katana GF66 11UC i7 (224VN) mang vẻ n ài cơ động cùng cấu hình mạnh mẽ, đẩy nhanh quá trình xử lý mọi tác vụ hay sẵn sàng đồng hành cùng bạn chiến mọi thể loại game đầy kịch tính.'),(22,1018,'Laptop MSI GP76 11UG i7 (435VN) thiết kế cực ngầu, cấu hình cực mạnh với bộ vi xử lý Gen 11 từ nhà Intel, không những thoả sức trở thành game thủ trên mọi tựa game mà còn có thể đáp ứng các tác vụ đồ hoạ, kỹ thuật chuyên nghiệp.'),(23,1019,'Khi nhắc tới MSI chắc chắn mọi người sẽ nghĩ ngay đến dòng laptop gaming cực nổi tiếng của hãng, nhưng MSI đã từng ngày thay đổi quan niệm này bằng cách cho ra mắt các mẫu laptop mỏng nhẹ với cấu hình mạnh mẽ như chiếc MSI Summit E13 Flip Evo i7 (211VN) này.'),(24,1020,'Laptop MSI Gaming Leopard 10SDRK GL65 i7 (242VN) là chiếc laptop gaming với thiết kế chuẩn hiện đại, hiệu năng mạnh mẽ với CPU thế hệ mới mang lại sức mạnh chiến game đỉnh cao cho các game thủ lựa chọn lí tưởng trong tầm giá.'),(25,1021,'Tối ưu hóa cho mọi hoạt động từ đồ họa đến chiến game, MSI GF65 Thin 10UE i5 (286VN) sẽ là người cộng sự đắc lực với thiết kế độc đáo và cấu hình mạnh mẽ, cùng bạn xông pha trên mọi chiến trường ảo.'),(26,1022,'MSI GL65 Leopard 10SCXK i7 (217VN) sở hữu thiết kế gaming hiện đại và sức mạnh vượt trội của bộ vi xử lý Intel Core i7 dòng H sẵn sàng đồng hành cùng bạn trong mọi cuộc chiến.'),(27,1023,'Chiếc máy tính bảng của Huawei, Huawei MatePad T10s cũng đã chính thức được chào sân. Với vi xử lý 8 nhân mở ra một thế giới giải trí mượt mà, sống động từng khoảnh khắc với màn hình cực lớn, hé lộ một chiếc máy tính bảng tốt trong tầm giá mà bất kỳ ai cũng đều yêu thích.'),(28,1024,'Huawei cho ra mắt máy tính bảng Huawei MatePad có mức giá dễ tiếp cận. Được thiết kế mỏng nhẹ và đầy đủ các tính năng cần thiết, Huawei MatePad là sự lựa chọn tuyệt vời cho những ai yêu thích màn hình lớn nhưng lại thuận tiện dễ dàng di chuyển mang theo.'),(29,1025,'Sở hữu thiết kế cao cấp, giải trí bùng nổ với màn hình siêu lớn và dàn âm thanh vòm 4 loa cực kỳ sống động, được tùy chọn bộ nhớ trong siêu khủng 128 GB, máy tính bảng Huawei MatePad sẽ là một lựa rchọn hoàn hảo cho mọi nhu cầu của bạn dù công việc hay vui chơi.'),(30,1026,'Huawei MatePad T8 là một trong những mẫu máy tính bảng giá rẻ của Huawei có thiết kế nguyên khối cùng một cấu hình cơ bản, đủ dùng cho các tác vụ hằng ngày của mọi người dùng.'),(31,1027,'iPad Pro M1 12.9 inch Wifi 256GB (2021) là dòng máy tính bảng cao cấp của Apple với nhiều nâng cấp đáng chú ý như chip Apple M1 giống trên MacBook và màn hình mini-LED mới cùng nhiều đột phá công nghệ dẫn đầu khác mang đến trải nghiệm làm việc và giải trí đỉnh cao.'),(32,1028,'Apple gây ấn tượng khi cho ra mắt dòng laptop MacBook trang bị chip Apple M1, đem đến một hiệu năng xử lý vượt trội. Giờ đây nó đã xuất hiện trên chiếc máy tính bảng iPad Pro M1 11 inch Wifi 256GB (2021) chắc chắn sẽ tiếp nối sự thành công từ dòng laptop ra mắt trước đó.'),(33,1029,'Máy tính bảng iPad Pro M1 12.9 inch Wifi Cellular 256GB (2021) trang bị con chip vô cùng mạnh mẽ M1 cùng công nghệ màn hình mới mini-LED được rất nhiều người dùng đón nhận nồng nhiệt và đánh giá rất tốt sản phẩm này đến từ Apple.'),(34,1030,'Dù trên thị trường có khá nhiều các dòng máy tính bảng, nhưng iPad của thương hiệu Apple vẫn được đánh giá là vua trong lĩnh vực này. iPad Pro M1 11 inch Wifi Cellular 256GB (2021) khi được cho ra mắt, đã nhanh chóng “khuấy đảo” giới công nghệ bởi những tính năng ưu việt mà thiết bị sở hữu.'),(35,1031,'iPad Air 4 khi được cho ra mắt đã gây ra một cơn sốt cho giới công nghệ toàn cầu, khi sử dụng chipset A14 Bionic với hiệu năng cực khủng, bên cạnh một thiết kế cao cấp và những công nghệ hàng đầu.'),(36,1032,'Nhiều người đồn đoán rằng Apple đã khai tử dòng iPad Mini của mình khi đã 4 năm kể từ thế hệ mới nhất không có thêm bất cứ nâng cấp nào. Tuy nhiên iPad Mini 7.9 inch Wifi 2019 (iPad Mini 5) ra mắt và đánh dấu sự trở lại của một chiếc máy tính bảng nhỏ gọn như ngày nào.'),(37,1034,'Sau iPad 7 thì Apple đã tung ra thế hệ máy tính bảng tiếp theo với iPad Wifi 8 Cellular 128 GB (2020). Mặc dù không có quá nhiều nâng cấp nổi bật, nhưng iPad 8 vẫn ghi điểm với người dùng nhờ vào hiệu năng mạnh mẽ đến từ vi xử lý A12 Bionic, iPadOS mượt mà tối ưu cho giải trí và công việc.'),(38,1035,'Lenovo Tab M10 chính là chiếc máy tính bảng với màn hình sắc nét kích thước lớn cùng thời lượng pin trâu đáp ứng tốt nhu cầu sử dụng cơ bản như xem phim, lướt web hằng ngày.'),(39,1036,'Lenovo Tab M10 Gen 2 từ nhà Lenovo nổi bật trong phân khúc tầm trung khi sở hữu thiết kế gọn nhẹ, hiện đại cùng khả năng kết nối mạnh mẽ, viên pin ấn tượng và cấu hình ổn định trong tầm giá.'),(40,1037,'Lenovo Tab M8 chiếc máy tính bảng giá rẻ, cấu hình ổn, thiết kế cao cấp trong tầm giá, hoàn toàn phù hợp với các nhu cầu cơ bản như đọc báo, xem phim, lướt web hằng ngày.'),(41,1038,'Lenovo ra mắt dòng máy tính bảng mang tên Lenovo Tab M7 là sự lựa chọn rất đáng để cân nhắc cho người dùng phổ thông với thiết kế tinh tế, cứng cáp cùng một cấu hình mạnh mẽ và nhiều tính năng hữu ích.'),(42,1039,'Lenovo đã tung ra chiếc máy tính bảng Lenovo Tab E7 TB-7104I với cấu hình đáp ứng khá mượt mà các tác vụ cơ bản của người dùng như lướt web, giải trí, chụp ảnh,... và máy tính bảng Lenovo rất đáng được cân nhắc trong phân khúc phổ thông.'),(43,1040,'Masstel Tab 10 Ultra được cho là phiên bản được cải tiến từ các phiên bản tiền nhiệm trước đó là Tab 10 Pro, có mức giá tầm trung nhưng vẫn đảm bảo chất lượng. Hãy cùng tìm hiểu đứa “con cưng” mới nhất của Masstel tính tới tháng 10/2020.'),(44,1041,'Thiết kế mỏng nhẹ, thời lượng pin cực lâu, màn hình rộng, Masstel Tab 10 4G dòng máy tính bảng giá rẻ đến từ thương hiệu Masstel sẽ là sự chọn lựa phù hợp để giải trí, học tập, tra cứu thông tin của người dùng, cùng kết nối 4G cho tốc độ mạng nhanh chóng mọi lúc mọi nơi.'),(45,1042,'Masstel Tab10 Pro là một lựa chọn khá hợp lý dành cho các bạn học sinh, sinh viên, những người muốn có một thiết bị giá rẻ nhưng vẫn có một màn hình lớn để học tập hay giải trí.'),(46,1043,'Samsung chính thức trình làng mẫu máy tính bảng có tên Galaxy Tab S7 FE, máy trang bị cấu hình mạnh mẽ, màn hình giải trí siêu lớn và điểm ấn tượng nhất là viên pin siêu khủng được tích hợp bên trong, giúp tăng hiệu suất làm việc nhưng vẫn có tính di động cực cao.'),(47,1044,'Galaxy Tab A7 Lite là phiên bản rút gọn của dòng máy tính bảng \"ăn khách\" Galaxy Tab A7 thuộc thương hiệu Samsung, đáp ứng nhu cầu giải trí của khách hàng thuộc phân khúc bình dân với màn hình lớn nhưng vẫn gọn nhẹ hợp túi tiền.'),(48,1045,'Samsung Galaxy Tab S7 chiếc máy tính bảng có thiết kế tuyệt đẹp, màn hình 120 Hz siêu mượt, camera kép ấn tượng, bút S Pen cùng một hiệu năng mạnh mẽ thuộc top đầu thị trường máy tính bảng Android.'),(49,1046,'Samsung Galaxy Tab A8 8 inch T295 (2019) là một chiếc máy tính bảng gọn nhẹ với màn hình vừa đủ có thể giúp bạn giải trí hay hỗ trợ trẻ nhỏ trong việc học tập.'),(50,1047,'Sau thành công của Galaxy Tab S6, Samsung tiếp tục chinh phục người dùng với Galaxy Tab S6 Lite có phân khúc giá rẻ hơn. Thiết bị vẫn hỗ trợ bút S Pen thần thánh, thiết kế kim loại cao cấp và màn hình, âm thanh giải trí đỉnh cao.'),(51,1091,'AirPods Pro với thiết kế gọn gàng, đẹp và tinh tế, tai nghe được thiết kế theo dạng In-ear thay vì Earbuds như AirPods 2, cho phép chống ồn tốt hơn, khó rớt khi đeo và đặc biệt là êm tai hơn.'),(52,77,'Đồng hồ thông minh Garmin Fenix 6 Pro Solar trang bị màn hình có độ phân giải 260 x 260 pixels và kích thước 1.3 inch, giúp hình ảnh hiển thị được sắc nét \nngay cả khi có ánh nắng mặt trời. Dây đeo silicone cho cảm giác vô cùng mềm mại với cổ tay người đeo.'),(53,1092,'Tai nghe Bluetooth ghi dấu ấn với các tín đồ tai nghe Beats (Apple) với kiểu dáng gọn nhẹ, có 2 phiên bản màu đen và vàng Yuzu thuần khiết, đẹp mắt, giúp tạo phong cách năng động, thời thượng cho cả phái mạnh và phái đẹp.'),(54,1094,'Belkin Soundform Move PAC001 được đặt trong hộp sạc hình thoi thon gọn, tinh tế, tạo cảm giác mềm mại, trang trọng và rất bắt mặt, đặt gọn tay cầm và tiện mang theo. Bề mặt hộp sạc chất liệu nhựa nhám chống trầy, chống trượt tốt, hạn chế bám vân tay.'),(55,1095,'Tai nghe True Wireless sành điệu, màu đen cá tính là mẫu tai nghe không dây thời thượng, Mozard TS13 tạo ấn tượng mạnh với củ tai nhỏ nhẹ, cho thao tác đeo, sử dụng cực thoải mái, tiện lợi. Trọng lượng chỉ 39 gam nên vô cùng thích hợp để mang theo bên mình đi bất kỳ đâu.'),(56,1096,'Thiết kế tai nghe Rezo vừa vặn với tai người dùng, tạo cảm giác thoải mái khi đeo, không gây đau trong trường hợp sử dụng liên tục nhiều giờ liền, đáp ứng nhu cầu sử dụng tần suất cao cho cả mục đích giải trí và làm việc.'),(57,82,'Đồng hồ định vị trẻ em Kidcare với nhiều tính năng tiện lợi vừa là chiếc đồng hồ có thiết kế năng động dành cho cả bé trai và gái, vừa giúp phụ huynh \nquản lí lịch trình, sức khỏe của bé dễ dàng hơn đảm bảo sự an toàn của trẻ.'),(58,1099,'Gậy chụp ảnh Bluetooth Cosano HD-P7 giúp kết nối điện thoại bằng bluetooth để chụp ảnh, chỉ với nữa tiếng sạc cho hơn 20 tiếng sử dụng.'),(59,1100,'Gậy chụp ảnh Bluetooth Tripod Xmobile K06 đen có thiết kế đơn giản, thu gọn chỉ dài 19.5 cm, cho bạn dễ dàng cầm nắm và mang theo trong các chuyến đi'),(60,85,'Đồng hồ Kidcare S6 sở hữu màn hình rộng, với kích thước màn hình 1.3 inch. Công nghệ màn hình TFT giúp bé xem được hình ảnh to và rõ ràng với chất \nlượng tốt. Dây đeo làm từ chất liệu silicone êm ái và nhẹ nhàng, chống thấm nước rất tốt, cho bé thoải mái khi vận động.'),(61,1101,'Gậy chụp ảnh Mini Cosano CW1 thiết kế nhỏ gọn cùng màu sắc trẻ trung, dễ dàng kéo dài đến 60 cm thoải mái chụp hình, lấy được nhiều góc, nhiều cảnh đẹp hoặc thu gọn lại chỉ với độ dài 16 cm cho người dùng dễ dàng bỏ vào túi xách, balo mang theo khi đi chơi, đi du lịch.'),(62,1102,'Gậy chụp ảnh Osmia OW2 trở thành phụ kiện giúp người dùng selfie dễ dàng mà không cần sự hỗ trợ từ người khác, lưu giữ khoảnh khắc của bản thân mọi lúc mọi nơi.'),(63,1103,'Gậy chụp ảnh Osmia OW4 có kích thước nhỏ gọn chỉ 16 cm nhưng lại có kiểu dáng khá chuyên nghiệp và lạ mắt.'),(64,1104,'Gậy chụp ảnh Osmia OW5 có vỏ n ài bằng kim loại, nhỏ gọn đẹp mắt, có thể gắn vào tripod để cố định khung hình khi chụp.'),(65,1105,'Đế điện thoại trên xe Cosano PH-Z1 thiết kế với khung kẹp chắc chắn, phù hợp với hầu hết các thiết bị điện thoại thông minh hiện nay.'),(66,1106,'Đế điện thoại Esaver JHD -278 Đen với kiểu dáng nhỏ gọn, dễ sử dụng, cho bạn những chuyến đi an toàn hơn.'),(67,1107,'Đế điện thoại trên xe máy Esaver JHD-40HD12 Đen có thiết kế chắc chắn, giúp giữ điện thoại tốt, người dùng sẽ yên tâm hơn khi gắn điện thoại trên xe thay vì phải cầm tay.'),(68,1108,'Đế điện thoại Esaver JHD-171 Xanh trắng là sản phẩm vừa ra mắt của Esaver có thiết kế nhỏ gọn, tiện lợi, chất liệu cao cấp, chắc chắn giúp người dùng tiện dụng trong thời đại ngày nay.'),(69,1109,'Loa Harman Kardon Aura Studio 3 làm bằng nhựa Acrylic trong suốt, tối màu, phần dưới bọc vải màu xám đen cho thiết kế tinh tế, tôn vinh mọi không gian nội thất. Chất liệu nhựa Acrylic trong đẹp cho bạn tiện quan sát cấu tạo loa bên trong và hỗ trợ đèn LED hắt ánh sáng ra n ài thêm sinh động.'),(70,1110,'Loa JBL Clip 4 mang tính di động cao nhờ kích thước rất nhỏ gọn với chiều dài 134 mm, chiều rộng 86 mm, độ dày 46 mm và trọng lượng chỉ 230 gram. Nhờ được bao bọc bởi màng vải Fabric và khung viền kim loại, loa có được sự chắc chắn cần thiết và được bảo vệ hiệu quả khỏi các va chạm, rơi rớt thông thường trong quá trình sử dụng.'),(71,1112,'Loa bluetooth JBL   3 phong cách trẻ trung, thiết kế nhỏ gọn, sang trọng, dễ mang theo. Được phủ bằng lớp nhựa bền bỉ và lớp cao su đàn hồi tốt, loa JBL được bảo vệ an toàn khỏi các va chạm và bám dính tốt trên mặt bàn'),(72,1113,'Thiết kế loa Bluetooth Sony đơn giản, gọn nhẹ chỉ 0.4 kg, đi kèm dây treo cho bạn dễ dàng đeo vào cổ tay của mình hoặc treo móc vào balo mang theo khi đi chơi, du lịch, đi học,... Chất liệu vỏ nhựa có thêm lớp UV coating cho độ bền cao, chống trầy xước, làm sạch nhẹ nhàng.'),(73,1114,'Thiết kế tối giản, gọn gàng dễ mang theo. Pin sạc dự phòng Polymer 10.000mAh Type C PowerCore Slim PD Anker A1231 có thiết kế gọn gàng trọng lượng chỉ 212 g, bạn có thể dễ dàng để vào balo hay túi xách mang theo bên mình để sạc các thiết bị điện tử khi cần.'),(74,1115,'Sạc điện thoại của bạn nhiều lần với dung lượng sạc dự phòng 10.000 mAh. Kết hợp với hiệu suất sạc ấn tượng 65%, AVA+ PB100S có thể sạc được cho iPhone 11 Pro Max tầm 1.6 lần. Thiết bị có độ tương thích cao với nhiều dòng máy nên bạn có thể cấp năng lượng được cho đa dạng thiết bị từ điện thoại, máy tính bảng đến quạt mini, tai nghe Bluetooth.'),(75,1116,'Vẻ n ài sang trọng với gam màu đen thời thượng. Belkin Pocket Power BPB001 sở hữu lớp vỏ nhựa chất lượng tốt vừa chống trơn, vừa chống trầy, bảo vệ hiệu quả lõi pin và rất dễ để cầm nắm.'),(76,1117,'Energizer UE10054BK thiết kế sang trọng, màu đen lịch lãm, mỏng chỉ 16 mm. Chế tác các góc uốn cong, bề mặt có đường sọc đen bóng in lo  thương hiệu màu trắng sáng nổi bật cho tổng thể thiết kế gọn đẹp, sành điệu, dễ dàng khi di chuyển, sử dụng.'),(77,1118,'Pin sạc dự phòng Polymer 10.000 mAh eValu PA Croco Đen có thiết kế đẹp mắt, chắc chắn. Các cạnh bo tròn giúp cầm nắm dễ dàng, thoải mái hơn. Vỏ nhựa vân carbon bảo vệ pin hiệu quả, trọng lượng nhẹ, cầm nắm thoải mái.'),(78,1119,'Sạc dự phòng Xmobile hình khối chữ nhật nhỏ gọn, có 2 phiên bản màu xanh rêu và xanh Navy thời trang. Pin sạc dự phòng nhìn có vẻ hơi dày với mức 2.5 cm nhưng với chiều rộng 5 cm, chiều dài 10.5 cm thì thiết bị vẫn rất nhỏ nhắn, gọn gàng, cầm vừa tay, tiện cho vào túi xách, balo đồng hành cùng bạn đến bất cứ nơi đâu.'),(79,1120,'Loa Harman Kardon Aura Studio 3 làm bằng nhựa Acrylic trong suốt, tối màu, phần dưới bọc vải màu xám đen cho thiết kế tinh tế, tôn vinh mọi không gian nội thất. Chất liệu nhựa Acrylic trong đẹp cho bạn tiện quan sát cấu tạo loa bên trong và hỗ trợ đèn LED hắt ánh sáng ra n ài thêm sinh động.'),(80,1122,'Loa JBL Clip 4 mang tính di động cao nhờ kích thước rất nhỏ gọn với chiều dài 134 mm, chiều rộng 86 mm, độ dày 46 mm và trọng lượng chỉ 230 gram. Nhờ được bao bọc bởi màng vải Fabric và khung viền kim loại, loa có được sự chắc chắn cần thiết và được bảo vệ hiệu quả khỏi các va chạm, rơi rớt thông thường trong quá trình sử dụng.'),(81,1123,'Loa bluetooth JBL   3 phong cách trẻ trung, thiết kế nhỏ gọn, sang trọng, dễ mang theo. Được phủ bằng lớp nhựa bền bỉ và lớp cao su đàn hồi tốt, loa JBL được bảo vệ an toàn khỏi các va chạm và bám dính tốt trên mặt bàn'),(82,1124,'Thiết kế loa Bluetooth Sony đơn giản, gọn nhẹ chỉ 0.4 kg, đi kèm dây treo cho bạn dễ dàng đeo vào cổ tay của mình hoặc treo móc vào balo mang theo khi đi chơi, du lịch, đi học,... Chất liệu vỏ nhựa có thêm lớp UV coating cho độ bền cao, chống trầy xước, làm sạch nhẹ nhàng.'),(83,1125,'Với tính chất công việc cần di chuyển nhiều hay phải mang laptop đi làm thường xuyên, LG Gram 16 2021 i7 (16Z90P-G.AH75A5) vừa mỏng nhẹ vừa có hiệu năng mạnh mẽ từ bộ vi xử lý Intel thế hệ 11 tân tiến sẽ là cộng sự tuyệt vời mà bạn luôn tìm kiếm bấy lâu n'),(84,1126,'Sạc điện thoại của bạn nhiều lần với dung lượng sạc dự phòng 10.000 mAh. Kết hợp với hiệu suất sạc ấn tượng 65%, AVA+ PB100S có thể sạc được cho iPhone 11 Pro Max tầm 1.6 lần. Thiết bị có độ tương thích cao với nhiều dòng máy nên bạn có thể cấp năng lượng được cho đa dạng thiết bị từ điện thoại, máy tính bảng đến quạt mini, tai nghe Bluetooth.'),(85,1127,'Vẻ n ài sang trọng với gam màu đen thời thượng. Belkin Pocket Power BPB001 sở hữu lớp vỏ nhựa chất lượng tốt vừa chống trơn, vừa chống trầy, bảo vệ hiệu quả lõi pin và rất dễ để cầm nắm.'),(86,1128,'Energizer UE10054BK thiết kế sang trọng, màu đen lịch lãm, mỏng chỉ 16 mm. Chế tác các góc uốn cong, bề mặt có đường sọc đen bóng in lo  thương hiệu màu trắng sáng nổi bật cho tổng thể thiết kế gọn đẹp, sành điệu, dễ dàng khi di chuyển, sử dụng.'),(87,1129,'Pin sạc dự phòng Polymer 10.000 mAh eValu PA Croco Đen có thiết kế đẹp mắt, chắc chắn. Các cạnh bo tròn giúp cầm nắm dễ dàng, thoải mái hơn. Vỏ nhựa vân carbon bảo vệ pin hiệu quả, trọng lượng nhẹ, cầm nắm thoải mái.'),(88,1130,'Sạc dự phòng Xmobile hình khối chữ nhật nhỏ gọn, có 2 phiên bản màu xanh rêu và xanh Navy thời trang. Pin sạc dự phòng nhìn có vẻ hơi dày với mức 2.5 cm nhưng với chiều rộng 5 cm, chiều dài 10.5 cm thì thiết bị vẫn rất nhỏ nhắn, gọn gàng, cầm vừa tay, tiện cho vào túi xách, balo đồng hành cùng bạn đến bất cứ nơi đâu.'),(89,1133,'AirPods Pro với thiết kế gọn gàng, đẹp và tinh tế, tai nghe được thiết kế theo dạng In-ear thay vì Earbuds như AirPods 2, cho phép chống ồn tốt hơn, khó rớt khi đeo và đặc biệt là êm tai hơn.'),(90,1134,'Tai nghe Bluetooth ghi dấu ấn với các tín đồ tai nghe Beats (Apple) với kiểu dáng gọn nhẹ, có 2 phiên bản màu đen và vàng Yuzu thuần khiết, đẹp mắt, giúp tạo phong cách năng động, thời thượng cho cả phái mạnh và phái đẹp.'),(91,1135,'Belkin Soundform Move PAC001 được đặt trong hộp sạc hình thoi thon gọn, tinh tế, tạo cảm giác mềm mại, trang trọng và rất bắt mặt, đặt gọn tay cầm và tiện mang theo. Bề mặt hộp sạc chất liệu nhựa nhám chống trầy, chống trượt tốt, hạn chế bám vân tay.'),(92,1136,'Tai nghe True Wireless sành điệu, màu đen cá tính là mẫu tai nghe không dây thời thượng, Mozard TS13 tạo ấn tượng mạnh với củ tai nhỏ nhẹ, cho thao tác đeo, sử dụng cực thoải mái, tiện lợi. Trọng lượng chỉ 39 gam nên vô cùng thích hợp để mang theo bên mình đi bất kỳ đâu.'),(93,1137,'Thiết kế tai nghe Rezo vừa vặn với tai người dùng, tạo cảm giác thoải mái khi đeo, không gây đau trong trường hợp sử dụng liên tục nhiều giờ liền, đáp ứng nhu cầu sử dụng tần suất cao cho cả mục đích giải trí và làm việc.'),(94,9,'iPhone 12 đã mang tới cho người sử dung không chỉ một thiết kế mới cực kỳ ấn tượng với màn hình tràn viền và cạnh phẳng kim loại tái \nhiện thế hệ iPhone 4S mà còn mang tới những màu sắc cực kỳ độc và iPhone 12 xanh mint là một trong số đó, nó mang tới cho chị em \nphụ nữ một lựa chọn màu cực kỳ trẻ trung và dễ thương.'),(95,10,'Ấn tượng hơn nữa, màn hình iPhone 12 Pro siêu sắc nét với công nghệ Super Retina XDR. Tấm nền OLED mang tới hình ảnh trong trẻo, \nmàu sắc chính xác, độ tương phản lên tới 2.000.000:1, độ sáng tối đa 1200 nits. Các công nghệ khác như HDR hay True Tone khiến cho chất \nlượng hiển thị của iPhone 12 Pro thêm phần hoàn hảo.'),(96,12,'Điện thoại iPhone 12 Pro 128GB Bạc với cạnh khung vuông vắn. Với thiết kế này sẽ tạo được độ chắc chắn khi người dùng cầm nắm thiết bị \nhơn so với khung bo tròn như trước đây, mang đến độ bền vượt trội và diện mạo bóng bẩy sang trọng hơn. Màu Bạc tinh tế mang lại nét hiện \nđại cho người dùng.'),(97,13,'iPhone 12 series hiện nay đang là thế hệ smartphone hiện đại nhất của Apple, vẻ đẹp từ thiết kế, và sức hấp dẫn của các tính năng hiện đại mà \ndòng máy này sở hữu khiến người dùng công nghệ toàn cầu ‘đứng ngồi không yên”. iPhone 12 Mini tuy là phiên bản thấp nhất, nhưng chiếc \nsmartphone này vẫn sở hữu những ưu điểm vượt trội về sự tiện lợi, linh động khi sử dụng và tính năng sạc nhanh cùng camera chất lượng cao.'),(98,16,'Là chiếc điện thoại iPhone có mức giá dễ chịu, phù hợp với nhiều khách hàng hơn, iPhone Xr vẫn được ưu ái trang bị chip Apple A12 mạnh mẽ, \nmàn hình tai thỏ cùng khả năng chống nước chống bụi.'),(99,17,'iPhone SE 2020 khi được cho ra mắt đã làm thỏa mãn triệu tín đồ Táo khuyết. Máy sở hữu thiết kế siêu nhỏ gọn như iPhone 8, chip A13 Bionic cho \nhiệu năng khủng như iPhone 11, nhưng iPhone SE 2020 lại có một mức giá tốt đến bất ngờ.'),(100,19,'Điện thoại iPhone SE 64GB Trắng (2020) sở hữu con chip A13 Bionic nhanh nhất và mạnh mẽ nhất hứa hẹn sẽ mang đến cho bạn những trải \nnghiệm xem phim, chạy ứng dụng, chơi các trò chơi mới nhất một cách mượt mà và ổn định. Hiệu năng mạnh mẽ từ chiếc điện thoại iPhone 11 \nPro nay đã được gắn lên iPhone SE nhỏ gọn và tiết kiệm chi phí. Với những ai đang tìm kiếm một chiếc điện thoại hiệu năng mạnh mẽ nhưng vừa \nvới túi tiền thì đây là một sự lựa chọn rất đang được cân nhắc.'),(101,20,'Điện thoại iPhone 11 64GB Xanh lá sở hữu thiết kế tinh xảo tỉ mỉ đến từng chi tiết với khung nhôm bền bỉ, mặt kính cường lực chắc chắn. Bên cạnh \nđó màn hình tràn viền Liquid Retina 6.1 inch sắc nét mang lại cho bạn những trải nghiệm chân thực và sống động.'),(102,23,'Galaxy Z Fold3 5G đánh dấu bước tiến mới của Samsung trong phân khúc điện thoại gập cao cấp khi được cải tiến về độ bền cùng những nâng \ncấp đáng giá về cấu hình hiệu năng, hứa hẹn sẽ mang đến trải nghiệm sử dụng đột phá cho người dùng.'),(103,24,'Galaxy A52s 5G mang đến trải nghiệm đa nhiệm mượt mà và hiệu suất mạnh mẽ vượt trội nhờ vi xử lý 8 nhân Snapdra n 778G 5G và RAM 8GB. \nThoải mái mọi dữ liệu với bộ nhớ trong 128/256GB hoặc mở rộng không gian lưu trữ với thẻ microSD lên đến 1TB ấn tượng.'),(104,25,'Samsung đã chính thức trình làng Galaxy Z Flip3 5G trong buổi ra mắt cách đây không lâu. Để các bạn hiểu rõ hơn về chiếc smartphone này, \n24h Công Nghệ sẽ tổng hợp lại cho các bạn những điểm mới, những nâng cấp của Galaxy Z Flip3 5G so với Z Flip 5G.'),(105,26,'Galaxy Z Fold 2 là tên gọi chính thức của điện thoại màn hình gập cao cấp của Samsung. Với nhiều nâng cấp tiên phong về thiết kế, hiệu năng và \ncamera, hứa hẹn đây sẽ là một siêu phẩm thành công tiếp theo đến từ “ông trùm” sản xuất điện thoại lớn nhất thế giới. '),(106,27,'Ẩn đằng sau thiết kế tuyệt tác của siêu phẩm Galaxy S21+ 5G là cả một kỳ quan công nghệ, mà ở đó bạn có thể trải nghiệm hiệu năng mạnh mẽ \nnhất, những công nghệ tiên phong, dẫn đầu trào lưu với cụm camera đỉnh cao đến từ Samsung.'),(107,28,'Realme C21Y chiếc điện thoại với thiết kế đẹp mắt, tinh tế hướng đến đối tượng người dùng phổ thông đang tìm kiếm một sản phẩm với cấu hình \ntốt, đầy đủ tính năng hấp dẫn và đặc biệt là pin khủng cho một ngày làm việc sử dụng lâu dài. '),(108,31,'Nối tiếp thành công của Realme C25, Realme đã cho ra mắt mẫu smartphone mang tên Realme C25s với nhiều tính năng vượt trội về camera, \ndung lượng pin, con chip mạnh mẽ và hơn hết là được bán ra với mức giá giá vô cùng tốt.'),(109,34,'Realme 8 Pro Vàng Rực Rỡ là sản phẩm được kết hợp giữa sức mạnh đáng ngưỡng mộ của Realme 8 Pro và màu vàng đầy sang trọng. Chiếc \nđiện thoại hứa hẹn sẽ đem lại sự hài lòng đáng mong đợi cho người dùng bởi sự hoàn hảo của nó.'),(110,35,'Bên cạnh Realme 8, Realme 8 Pro cũng được giới thiệu đến người tiêu dùng với điểm nhấn chính là sự xuất hiện của camera 108 MP siêu nét cùng \ncông nghệ sạc SuperDart 50 W và đi kèm mức giá bán tầm trung rất lý tưởng.'),(111,37,'Điện thoại Realme 8 được ra mắt nằm trong phân khúc tầm trung, có thiết kế đẹp mắt đặc trưng của Realme, smartphone trang bị hiệu năng bên \ntrong đầy mạnh mẽ và có dung lượng pin tương đối lớn.'),(112,38,'Vivo Y12s, chiếc điện thoại đến từ nhà sản xuất Vivo, sở hữu một mức giá dễ tiếp cận, hiệu năng mạnh mẽ cùng viên pin dung lượng khủng giúp \nbạn tha hồ trải nghiệm giải trí, chơi game suốt ngày dài.'),(113,39,'Vivo mang đến niềm vui cho mọi người tin dùng khi hãng chính thức tung ra chiếc điện thoại Vivo Y53s với những tính năng tiên tiến đi cùng hiệu \nnăng mạnh mẽ. Đặc biệt, smartphone lại còn sở hữu mức giá hấp dẫn trong phân khúc tầm trung đầy hứa hẹn.'),(114,41,'Chụp selfie bùng nổ trong đêm, thiết kế mới hiện đại đón đầu xu hướng, cùng với đó là tốc độ kết nối mạng 5G hàng đầu, tất cả những tính năng ấn \ntượng này đều có trong Vivo V21 5G mẫu điện thoại cận cao cấp đến từ Vivo.'),(115,42,'Điện thoại Vivo màu đen có màn hình 5 inch vừa tầm cùng độ phân giải HD mang đến trải nghiệm dễ chịu cho người dùng so với các sản phẩm \ntrong cùng phân khúc điện thoại tầm trung. Thiết kế thân máy mỏng cùng các đường viền được bo tròn, sản phẩm mang đến vẻ đẹp tối giản nhưng \nhiện đại, đồng thời tạo cảm giác dễ chịu, tiện lợi cho người dùng khi sử dụng.'),(116,44,'Điện thoại Vivo V20 (8GB/128GB) Xanh hồng sở hữu thiết kế hiện đại, khung viền làm bằng kim loại với 2 bề mặt được phủ kính cường lực viền bo \ncong mềm mại dễ dàng cầm nắm. Máy nhẹ chỉ 170g, dễ dàng sử dụng mà không bị nặng tay. Mặt lưng của Vivo được thiết kế theo phong cách \ngradient chuyển màu linh hoạt, lớp kính mờ chống bám vân tay mang đến vẻ ấn tượng cho người dùng. '),(117,45,'Vsmart Star 5 mẫu smartphone giá rẻ đến từ thương hiệu Vsmart nhận được nhiều sự quan tâm nhờ sở hữu những nâng cấp đáng kể về hiệu năng, \ncamera, dung lượng pin khủng và một mức giá không thể nào tốt hơn.'),(118,46,'Được trang bị một cấu hình mạnh mẽ đi cùng với công nghệ camera ẩn dưới màn hình ấn tượng, Vsmart Aris Pro hứa hẹn sẽ là chiếc điện thoại \n“bom tấn” tại thị trường di động Việt cuối năm nay, mang tới những trải nghiệm khác lạ và độc đáo nhất tới cho người dùng.'),(119,47,'Vsmart luôn biết cách thu hút sự chú ý của người dùng bởi những chiếc smartphone của họ, để tiếp nối điều đó, hãng đã cho ra mắt chiếc điện thoại \nthông minh đẳng cấp mang tên Vsmart Aris với nhiều đặc điểm, tính năng nổi bật.'),(120,48,'Nối tiếp thành công Vsmart Live, hãng giới thiệu đến người dùng mẫu Vsmart Live 4 nhằm đem lại cho người dùng thêm sự lựa chọn trong phân \nkhúc, kế thừa các ưu điểm từ đàn anh, sản phẩm hứa hẹn sẽ mang lại thêm thành công cho điện thoại thương hiệu Việt.'),(121,50,'Vsmart Joy 4, một sản phẩm đáng tự hào được sản xuất từ thương hiệu Việt Vsmart với nhiều tính năng nổi bật từ hiệu năng mạnh mẽ, cụm 4 camera \nđa tính năng cho đến pin khủng 5000 mAh, hứa hẹn sẽ được nhiều người dùng săn đón.'),(122,52,'Xiaomi 11 Lite 5G NE sẽ được giới thiệu với 4 phiên bản màu bao gồm Đen trân châu, Xanh kẹo ngọt, Hồng thanh đào và Trắng băng tuyết. Xiaomi 11 \nLite 5G NE sẽ được mở bán từ ngày 08/10/2021 tại các hệ thống bán lẻ của Xiaomi trên toàn quốc.'),(123,54,'Xiaomi đã trình làng chiếc điện thoại mang tên gọi là Xiaomi Redmi Note 10 với điểm nhấn chính là cụm 4 camera 48 MP, chip rồng Snapdra n 678 \nmạnh mẽ cùng nhiều nâng cấp như dung lượng pin 5.000 mAh và hỗ trợ sạc nhanh 33 W tiện lợi.'),(124,55,'Xiaomi Mi 11 một siêu phẩm đến từ Xiaomi, máy cho trải nghiệm hiệu năng hàng đầu với vi xử lý Qualcomm Snapdra n 888, cùng loạt công \nnghệ đỉnh cao, khiến bất kỳ ai cũng sẽ choáng ngợp về smartphone này.'),(125,56,'Mi 10T Pro 5G mẫu smartphone cao cấp của Xiaomi trong năm 2020 cuối cùng cũng được trình làng với loạt những thông số gây “choáng ngợp”: Màn \nhình tần số quét 144 Hz, vi xử lý Snapdra n 865 và cụm camera khủng 108 MP kèm theo đó là một mức giá dễ chịu cho người dùng.'),(126,57,'Kế thừa và nâng cấp từ thế hệ trước, Xiaomi đã cho ra mắt Xiaomi Redmi Note 10 Pro (8GB/128GB) sở hữu một thiết kế cao cấp, sang trọng bên cạnh \ncấu hình vô cùng mạnh mẽ, hứa hẹn mang đến sự cạnh tranh lớn trong phân khúc smartphone tầm trung.'),(127,58,'OPPO Reno6 Pro 5G - một sản phẩm thuộc dòng Reno6 của OPPO, thỏa mãn những gì người tiêu dùng đã trông đợi với cấu hình khủng cùng hệ \nthống camera cực ấn tượng và n ại hình bắt mắt, thật hào hứng mong chờ để được trải nghiệm.'),(128,59,'Reno6 Pro 5G trang bị bộ vi xử lý mạnh mẽ Snapdra n 870 đến từ Qualcomm, đạt tốc độ xử lý cao trên xung nhịp lên đến 3.2 GHz, hiệu suất CPU tăng \nlên 12% và GPU 10% so với thế hệ chipset tiền nhiệm, mang đến trải nghiệm ấn tượng trên từng tác vụ giải trí lẫn công việc.'),(129,60,'OPPO luôn đa dạng hoá các sản phẩm của mình từ giá rẻ cho đến cao cấp. Trong đó, điện thoại OPPO A74 4G được nằm trong phân khúc tầm trung rất \nđáng chú ý với nhiều tính năng và smartphone cũng chính là bản nâng cấp của OPPO A73 ra mắt trước đó.'),(130,61,'OPPO đã làm khuynh đảo thị trường smartphone khi cho ra đời chiếc điện thoại OPPO Find X3 Pro 5G. Đây là một sản phẩm có thiết kế độc đáo, sở hữu \ncụm camera khủng, cấu hình thuộc top đầu trong thế giới Android.'),(131,62,'OPPO đã trình làng OPPO Reno5 5G phiên bản kết nối 5G internet siêu nhanh ra thị trường. Chiếc điện thoại với hàng loạt các tính năng nổi bật cùng vẻ \nn ài thời thượng giúp tôn lên vẻ sang trọng cho người sở hữu.'),(132,63,'Về mặt tổng thể Apple Watch S3 42 mm có kích thước tương tự như Apple Watch Series 2. Sản phẩm chú trọng thêm về mặt thẩm mỹ với thiết kế sang \ntrọng, năng động, dây đeo có nhiều màu sắc khác nhau.'),(133,64,'Apple Watch S5 LTE là phiên bản nâng cấp với phiên bản Apple Watch S5 . Lần đầu tiên Apple Watch sẽ được trang bị màn hình OLED luôn bật, tính năng \nla bàn và khả năng cảnh báo khẩn cấp trên nhiều quốc gia hơn và đặc biệt chiếc Apple Watch phiên bản LTE có tích hợp tính năng nghe gọi độc lập như\nmột chiếc điện thoại...'),(134,65,'Apple Watch S6 mang đến những nâng cấp hữu ích để hỗ trợ người dùng một cách tối ưu nhất. Nổi bật trong số đó là chip xử lý S6 cải thiện hiệu năng, hệ \nđiều hành watchOS 7 với nhiều tính năng mới hứa hẹn sẽ mang đến những trải nghiệm tốt hơn, thú vị hơn'),(135,66,'Apple Watch S6 LTE là phiên bản nâng cấp với phiên bản Apple Watch S6 . Lần đầu tiên Apple Watch sẽ được trang bị màn hình OLED luôn bật, tính năng \nla bàn và khả năng cảnh báo khẩn cấp trên nhiều quốc gia hơn và đặc biệt chiếc Apple Watch phiên bản LTE có tích hợp tính năng nghe gọi độc lập như\nmột chiếc điện thoại...'),(136,67,'Apple Watch SE LTE là phiên bản nâng cấp với phiên bản Apple Watch SE . Lần đầu tiên Apple Watch sẽ được trang bị màn hình OLED luôn bật, tính năng \nla bàn và khả năng cảnh báo khẩn cấp trên nhiều quốc gia hơn và đặc biệt chiếc Apple Watch phiên bản LTE có tích hợp tính năng nghe gọi độc lập như\nmột chiếc điện thoại...'),(137,68,'Apple Watch SE là phiên bản nâng cấp với phiên bản Apple Watch S5 . Lần đầu tiên Apple Watch sẽ được trang bị màn hình OLED luôn bật, tính năng \nla bàn và khả năng cảnh báo khẩn cấp trên nhiều quốc gia hơn và đặc biệt chiếc Apple Watch phiên bản LTE có tích hợp tính năng nghe gọi độc lập như\nmột chiếc điện thoại...'),(138,69,'Đồng hồ thông minh BeU Active 1 sở hữu một vẻ n ài đơn giản cùng gam màu đen cá tính, đây là phong cách khá được ưa chuộng đặc biệt là đối với \ncác bạn trẻ hiện nay. Khung viền được làm từ hợp kim nhôm để đảm bảo độ chắc chắn và trọng lượng nhẹ cần có ở một chiếc SmartWatch, đi kèm với dây \nđeo silicone êm nhẹ, co dãn tốt và chống thấm mồ hôi giúp mang lại sự thoải mái khi đeo.'),(139,70,'Đồng hồ thông minh BeU PT1 đen ấn tượng với vẻ n ài bắt mắt, cá tính với đường kính mặt đồng hồ 50 mm, được nhà sản xuất trang bị dây đeo silicone \nêm ái và dẻo dai, khung viền hợp kim chắc chắn, bóng bẩy. Chiếc đồng hồ sẽ là một sự lựa chọn đáng tin cậy dành cho bạn.'),(140,72,'Đồng hồ thông minh BeU PT2 đen ấn tượng với vẻ n ài bắt mắt, cá tính với đường kính mặt đồng hồ 50 mm, được nhà sản xuất trang bị dây đeo silicone \nêm ái và dẻo dai, khung viền hợp kim chắc chắn, bóng bẩy. Chiếc đồng hồ sẽ là một sự lựa chọn đáng tin cậy dành cho bạn.'),(141,73,'Đồng hồ thông minh BeU Sporty 1 mang kiểu dáng cá tính, hiện đại cùng tông màu đen mạnh mẽ, trẻ trung. Đồng hồ sở hữu khung viền hợp kim nhôm \ncó trọng lượng nhẹ, bền bỉ, bảo vệ an toàn các chi tiết bên trong. Dây đeo silicone êm nhẹ, độ đàn hồi tốt, không thấm nước, cho bạn thoải mái đeo suốt \nngày dài.'),(142,74,'Đồng hồ thông minh BeU KW09 sở hữu màn hình 1.2 inch cùng độ phân giải 240 x 240 pixels hiển thị rõ hình ảnh và thời gian. Mẫu đồng hồ thông minh này \nđược trang bị màn hình TFT giúp hiển thị thông tin và hình ảnh được sắc nét. Dây đeo silicone tạo cảm giác thoải mái khi đeo trong thời gian dài. N ài ra, \nngười dùng có thể thay loại dây đeo khác theo ý muốn.'),(143,75,'Đồng hồ thông minh BeU tự hào là dòng sản phẩm mang thương hiệu Việt Nam, sở hữu đầy đủ những tính năng hữu ích và cần thiết như: theo dõi giấc ngủ, \nđo nhịp tim, trang bị nhiều bài luyện tập thể thao,... đi kèm với giá thành rẻ, phù hợp với thị trường người tiêu dùng Việt'),(144,76,'Đồng hồ thông minh Garmin Enduro tự tin sẽ là một trợ thủ đắc lực luôn bên bạn trên mọi nẻo đường với kích thước 1.4 inch cùng độ phân giải 280 x 280 \npixels cho khả năng hiển thị tối ưu ngay cả khi đang di chuyển. Nổi bật với dòng đồng hồ này là khung viền đồng hồ làm từ thép không gỉ kết hợp cùng dây \nđeo bằng vải dù siêu nhẹ và mặt kính cường lực cho độ bền cao cùng khả năng chống chịu dưới nhiều điều kiện thời tiết.'),(145,78,'Đồng hồ thông minh Garmin Fenix 6 trang bị màn hình tròn có độ phân giải 260 x 260 pixels và kích thước 1.3 inch, giúp hình ảnh hiển thị rõ nét ngay cả khi \ndưới ánh nắng của mặt trời. Dây đeo silicone mang cảm giác vô cùng mềm mại cho cổ tay, không bị đau khi đeo lâu dài. Mẫu đồng hồ này không có thao tác \ncảm ứng mà sử dụng 5 phím cơ để điều khiển, cạnh phải gồm 2 nút (Start, Back-lap) và cạnh trái gồm 3 nút (Light, up-menu, down).'),(146,79,'Đồng hồ thông minh Garmin Fenix 6X Sapphire có màn hình độ phân giải 280 x 280 pixels, kích thước 1.4 inch, giúp hiển thị hình ảnh và thông tin trên đồng \nhồ được rõ nét. Dây đeo silicone thiết kế ôm trọn cổ tay người đeo nhưng tạo cảm giác thoải mái, không bị đau cổ tay khi dùng lâu. Garmin Fenix 6X sử dụng \n5 phím cứng để điều khiển và không có thao tác cảm ứng.'),(147,80,'Forerunner 945 sở hữu Dây đồng hồ silicone mềm mại, nhẹ tay, không gây khó chịu khi tập thể thao trong thời gian dài, màn hình màu MIP 1.2 inch chóng \nchói và hiển thị tốt dưới ánh sáng mặt trời. '),(148,81,'Đồng hồ Garmin Lily ấn tượng với thiết kế khá nhỏ nhắn, đường kính mặt 35 mm cùng trọng lượng khoảng 24g. Khung viền polyme bền chắc, chịu va đập tốt \ncùng dây silicone êm nhẹ, thoải mái khi đeo. Đây chính xác là chiếc đồng hồ đáng tin cậy dành cho phái nữ hiện đại, đầy năng động.'),(149,83,'Đồng hồ thông minh trẻ em Kidcare 08S có thiết kế màn hình 1.3 Inch, độ phân giải 240 x 240 Pixels cùng với dây đeo làm từ silicone mang đến cảm giác \nêm ái khi đeo. Tính năng nổi trội ở mẫu đồng hồ này là khả năng định vị chuẩn xác, cảnh báo vùng nguy hiểm và gọi điện khẩn cấp, giúp phụ huynh của bé \ncó thể yên tâm theo dõi bé từ xa.'),(150,84,'Đồng hồ định vị trẻ em Kidcare 26 được thiết kế năng động dành cho các bé. Đây vừa là chiếc đồng hồ thời trang mà phụ huynh trang bị cho con em mình, \nvừa là công cụ để phụ huynh thuận tiện trong việc theo dõi lịch trình hằng ngày của các bé.'),(151,86,'Đồng hồ định vị trẻ em Kidcare S6 có màn hình 1.3 inch cùng độ phân giải 240 x 240 Pixels giúp hiển thị đầy đủ hình ảnh và thông tin. Dây đeo làm từ silicone \ntạo cảm giác thoải mái khi đeo. Điểm nổi bậc ở mẫu đồng hồ này là khả năng định vị chuẩn xác, cảnh báo khu vực nguy hiểm và gọi điện khẩn cấp khi gặp \nnguy hiểm.'),(152,87,'Đồng hồ định vị trẻ em Kidcare S4 có màn hình 1.3 inch cùng độ phân giải 240 x 240 Pixels giúp hiển thị đầy đủ hình ảnh và thông tin. Dây đeo làm từ silicone \ntạo cảm giác thoải mái khi đeo. Điểm nổi bậc ở mẫu đồng hồ này là khả năng định vị chuẩn xác, cảnh báo khu vực nguy hiểm và gọi điện khẩn cấp khi gặp \nnguy hiểm.'),(153,88,'Vòng đeo tay thông minh Oppo Band mang đến một diện mạo mới - đầy cá tính và năng động. Dây đeo silicone nhẹ nhàng, không thấm nước, cho bạn thỏa \nsức hoạt động suốt cả ngày mà không lo tù bí, nặng tay. Màn hình AMOLED 1.1 inch vừa phải, tạo cảm giác thanh lịch khi đeo trên tay nhưng cũng vừa đủ \nđể bạn quan sát thông tin hiển thị một cách dễ dàng.'),(154,89,'Đồng hồ thông minh Oppo Watch màu đen phiên bản 41mm sử dụng mặt đồng hồ dạng hình vuông với 4 góc bo tròn nhẹ, màn hình AMOLED 1.6 inch \n(320 x 360 pixels) cùng mật độ điểm ảnh 326ppi cho chất lượng hiển thị cực kì rõ nét. Dây đeo silicone tạo cảm giác vô cùng mềm mại, không bị đau khi đeo lâu.'),(155,90,'Đồng hồ thông minh Oppo Watch màu hồng phiên bản 41mm trang bị màn hình AMOLED 1.6 inch cùng độ phân giải là 320 x 360 pixels, mật độ điểm ảnh \n326ppi cho chất lượng hiển thị cực kì sắc nét. Dây đeo làm từ silicone với thiết kế mang lại cảm giác vô cùng mềm mại, không bị đau khi đeo lâu.'),(156,91,'Màn hình cong tràn thời trang, thời lượng pin lên tới 21 ngày, sạc nhanh Watch VOOC, hỗ trợ đầy đủ các tính năng tập luyện và theo dõi sức khỏe, OPPO Watch \n41mm wifi chính là tất cả những gì bạn cần cho một cuộc sống năng động.'),(157,92,'Đồng hồ thông minh Oppo Watch màu đen phiên bản 46mm sử dụng mặt đồng hồ vuông, bo cong nhẹ ở 4 cạnh, cùng với mặt kính bo cong 2D sang hai bên \ncó chiều sâu tạo cảm giác như mặt kính cong 3D, màn hình AMOLED 1.91 inch độ phân giải 402 x 476 pixels, mật độ điểm ảnh 326 ppi và dải màu rộng chuẩn \nDCI-P3 cho chất lượng hiển thị sắc nét, sống động. Dây đeo silicone cho cảm giác mang được dễ chịu và thoải mái.'),(158,93,'Mặt đồng hồ lớn được làm cong tràn tuyệt đẹp, hiển thị mượt mà cùng loạt tính năng hỗ trợ tập luyện và theo dõi sức khỏe hữu ích, OPPO Watch 46mm wifi là \nchiếc đồng hồ thông minh cao cấp, cho bạn những trải nghiệm thú vị.'),(159,95,'Đồng hồ Samsung Galaxy Watch 3 45mm titanium được trang bị dây đeo thép không gỉ sang trọng, kết hợp cùng lớp màu Mystic Black độc quyền với nét đẹp \nhuyền bí, tinh tế giúp cho mẫu Samsung Galaxy Watch 3 này trở nên cao cấp và đặc biệt hơn hẳn những phiên bản khác.'),(160,97,'Theo Strategy Analytics, Galaxy A là Smartphone Android Bán Chạy Nhất Thế Giới Quý 1/2020, máy sở hữu cụm 4 camera, bao gồm camera macro chụp cận \ncảnh lần đầu xuất hiện trên smartphone Samsung, màn hình tràn viền vô cực cùng mặt lưng họa tiết kim cương nổi bật.'),(161,98,'Samsung Galaxy Watch 3 45mm viền thép bạc dây da với tấm nền Super AMOLED 1.4 inch và độ phân giải 360x360 pixels, đồng hồ có khả năng hiển thị xuất \nsắc với màu sắc rực rỡ, thông tin hiển thị đầy đủ, rõ ràng. Khung viền của đồng hồ được làm bằng thép không gỉ chắc chắn và chống ăn mòn.'),(162,99,'Mang trên mình “chiếc áo” màu đen sang trọng, huyền bí cùng phong cách hiện đại, chiếc đồng hồ thông minh Samsung Galaxy Watch 4 LTE sẽ là phụ kiện \nđem đến sự thời thượng cho người đeo. Sở hữu khung viền nhôm có trọng lượng nhẹ, bền chắc ở mọi điều kiện thời tiết và dây đeo silicone rộng 2.2 cm, cho \nkhả năng không thấm nước, đàn hồi, mềm mại, ôm trọn cổ tay. '),(163,100,'Samsung Galaxy Watch 4 sở hữu thiết kế quen thuộc với khung viền nhôm bền bỉ, dây đeo silicone. Phiên bản 44mm này dành cho các chàng trai có cổ tay \nto nhưng vẫn giữ được nét thanh lịch vốn có nhờ kiểu thiết kế mặt đồng hồ tròn cổ điển.'),(164,101,'Đồng hồ thông minh Samsung Galaxy Watch Active 2 nổi bật với màn hình rộng 1.2 Inch với độ phân giải 360 x 360 Pixels và mặt kính cường lực giúp người \nđeo an tâm khi mang ra n ài. Giao diện mặt đồng hồ có thể thay đổi tuỳ ý theo phòng cách người dùng. Dây đeo Silicone hạn chế bị trầy xước và dễ lau khô \nkhi tiếp xúc với nước hay mồ hôi.'),(165,102,'Acer Aspire 7 A715 41G R150 R7 (NH.Q8SSV.004) được thiết kế  ̣n gàng với cấu hình mạnh mẽ nhờ CPU AMD Ryzen 7 và card đồ hoạ NVIDIA GeForce \nGTX 1650Ti giúp tối ưu trải nghiệm chơi game, đáp ứng đa dạng nhu cầu sử dụng.'),(166,103,'Laptop Acer Aspire A315 56 308N i3 (NX.HS5SV.00C) là mẫu laptop học tập văn phòng thuộc phân khúc giá thấp. Máy trang bị vi xử lý thế hệ mới của Intel, cho \nhiệu năng đủ dùng đối với các nhu cầu cơ bản, phù hợp với học sinh và sinh viên.'),(167,104,'Acer Swift 3 SF314 511 56G1 (NX.ABLSV.002) xứng đáng trở thành một trong những lựa chọn hàng đầu cho người dùng trong phân khúc laptop học tập - văn \nphòng với thiết kế gọn nhẹ, sang trọng cùng hiệu năng vượt trội đên từ CPU Intel thế hệ 11 tân tiến.'),(168,105,'Acer Aspire 7 A715 41G R150 R7 (NH.Q8SSV.004) được thiết kế  ̣n gàng với cấu hình mạnh mẽ nhờ CPU AMD Ryzen 7 và card đồ hoạ NVIDIA GeForce \nGTX 1650Ti giúp tối ưu trải nghiệm chơi game, đáp ứng đa dạng nhu cầu sử dụng.'),(169,106,'Laptop Acer Nitro 5 Gaming AN515 56 5256 i5 (NH.QBZSV.005) dễ dàng chinh phục người dùng với thiết kế “cực ngầu” đậm chất gaming cùng hiệu năng bền \nbỉ đáp ứng tốt nhu cầu chiến game và học tập giải trí của người dùng.'),(170,108,'Với sự mạnh mẽ, bền bỉ từ thiết kế vẻ n ài lẫn bên trong cấu hình, Asus TUF Gaming FX506LH (HN002T) sẽ là một trợ thủ đắc lực của bạn trong trò chơi yêu \nthích và cả những tác vụ nặng khác.'),(171,109,'Laptop Asus VivoBook A515EA i3 (BQ975T) sở hữu cấu hình ổn định đến từ chip Intel thế hệ 11 cho bạn xử lý các công việc văn phòng hoặc đồ hoạ trơn tru \ncùng với n ại hình ưa nhìn, thanh lịch đây sẽ là sản phẩm mà đáng để bạn quan tâm.'),(172,110,'Chiếc laptop 2 trong 1 Asus ZenBook UX371EA i7 (HL701TS) vừa là laptop vừa là máy tính bảng cực kỳ tiện dụng, cấu hình mạnh mẽ ổn định nhờ CPU Intel \nhế hệ 11 cùng màn hình OLED đem đến sức mạnh vượt trội, xử lý trơn tru mọi công việc và giải trí tuyệt hảo.'),(173,111,'Laptop Asus TUF Gaming FX516PM i7 (HN023T) sở hữu dòng chip CPU Intel hế hệ 11 mạnh mẽ mang đến hiệu năng ấn tượng cho nhu cầu thiết kế đồ họa, \nlàm việc văn phòng và cả chiến game cực chất.'),(174,112,'Laptop Asus VivoBook A515EP i5 (BN334) là chiếc laptop đa năng phù hợp với đa dạng người dùng bởi nó thuộc phân khúc tầm trung nhưng lại đem đến trải \nnghiệm hiệu năng khá ấn tượng từ chip Intel thế hệ 11 mạnh mẽ, thỏa mãn mọi nhu cầu học tập, làm việc và giải trí.'),(175,113,'Laptop Dell G3 15 i7 (P89F002G3500C) là chiếc laptop trong phân khúc gaming nhận được nhiều sự quan tâm đặc biệt bởi thiết kế phổ thông, đơn giản cùng \nhiệu năng tối ưu mạnh mẽ phù hợp với đa dạng người dùng cho cả nhu cầu học tập, làm việc và giải trí.'),(176,114,'Laptop Dell G3 15 i7 (P89F002G3500C) là chiếc laptop trong phân khúc gaming nhận được nhiều sự quan tâm đặc biệt bởi thiết kế phổ thông, đơn giản cùng \nhiệu năng tối ưu mạnh mẽ phù hợp với đa dạng người dùng cho cả nhu cầu học tập, làm việc và giải trí.'),(177,115,'Laptop Dell XPS 13 9310 i5 (70231343) sở hữu một cấu hình mạnh mẽ đáng gờm trong thân máy siêu mỏng nhẹ, màn hình tràn viền cùng với độ sáng 500 nits \nrực rỡ đáp ứng trọn vẹn mọi nhu cầu của dân văn phòng.'),(178,116,'Laptop Dell G5 15 5500 i7 (70225485) là mẫu laptop gaming được thiết kế theo phong cách lịch lãm đầy mạnh mẽ. Cấu hình mạnh, hiệu suất đồ họa cao cùng \nmàn hình lý tưởng cho việc chơi game là những ưu điểm khiến chiếc laptop này trở nên nổi bật trong phân khúc. '),(179,117,'Dell Inspiron 7501 i5 (N5I5012W) sở hữu thiết kế trẻ trung, hiện đại cùng hiệu năng mạnh mẽ, đáp ứng mượt mà các tác vụ văn phòng đến đồ họa chuyên \nnghiệp là sản phẩm tuyệt vời dành cho bạn.');
/*!40000 ALTER TABLE `introduce` ENABLE KEYS */;
UNLOCK TABLES;

--
-- Table structure for table `likes`
--

DROP TABLE IF EXISTS `likes`;
/*!40101 SET @saved_cs_client     = @@character_set_client */;
 SET character_set_client = utf8mb4 ;
CREATE TABLE `likes` (
  `Id` int(11) NOT NULL AUTO_INCREMENT,
  `ProductId` int(11) NOT NULL,
  `Username` varchar(50) CHARACTER SET utf8 COLLATE utf8_general_ci NOT NULL,
  `date` date NOT NULL,
  `Likes` int(11) NOT NULL,
  PRIMARY KEY (`Id`)
) ENGINE=InnoDB AUTO_INCREMENT=154 DEFAULT CHARSET=utf8mb4 COLLATE=utf8mb4_0900_ai_ci;
/*!40101 SET character_set_client = @saved_cs_client */;

--
-- Dumping data for table `likes`
--

LOCK TABLES `likes` WRITE;
/*!40000 ALTER TABLE `likes` DISABLE KEYS */;
INSERT INTO `likes` VALUES (51,9,'5','2021-12-06',1),(122,24,'2','2025-02-27',1),(123,23,'2','2025-02-27',1),(124,16,'2','2025-02-27',1),(132,38,'hsang','2025-02-27',1),(136,19,'hsang','2025-02-28',1),(138,23,'hsang','2025-02-28',1),(139,25,'hsang','2025-02-28',1),(140,1039,'hsang','2025-02-28',1),(141,1101,'hsang','2025-02-28',1),(143,24,'hsang','2025-02-28',1),(144,17,'hsang','2025-02-28',1),(145,16,'hsang','2025-02-28',1),(146,13,'hsang','2025-02-28',1),(147,10,'hsang','2025-02-28',1),(148,28,'hsang','2025-02-28',1),(149,27,'hsang','2025-02-28',1),(150,31,'hsang','2025-02-28',1),(151,34,'hsang','2025-02-28',1),(152,35,'hsang','2025-02-28',1),(153,37,'hsang','2025-02-28',1);
/*!40000 ALTER TABLE `likes` ENABLE KEYS */;
UNLOCK TABLES;

--
-- Table structure for table `orderdetails`
--

DROP TABLE IF EXISTS `orderdetails`;
/*!40101 SET @saved_cs_client     = @@character_set_client */;
 SET character_set_client = utf8mb4 ;
CREATE TABLE `orderdetails` (
  `Id` bigint(20) NOT NULL AUTO_INCREMENT,
  `OrderId` bigint(20) NOT NULL,
  `ProductId` int(11) NOT NULL,
  `Price` float NOT NULL,
  `Quantity` int(11) NOT NULL,
  PRIMARY KEY (`Id`)
) ENGINE=InnoDB AUTO_INCREMENT=8 DEFAULT CHARSET=utf8mb4 COLLATE=utf8mb4_0900_ai_ci;
/*!40101 SET character_set_client = @saved_cs_client */;

--
-- Dumping data for table `orderdetails`
--

LOCK TABLES `orderdetails` WRITE;
/*!40000 ALTER TABLE `orderdetails` DISABLE KEYS */;
INSERT INTO `orderdetails` VALUES (1,1,12,27990000,2),(2,1,9,20490000,1),(3,2,13,16490000,2),(4,2,10,30990000,1),(5,3,12,27990000,1),(6,4,16,12490000,1),(7,5,9,20490000,1);
/*!40000 ALTER TABLE `orderdetails` ENABLE KEYS */;
UNLOCK TABLES;

--
-- Table structure for table `orders`
--

DROP TABLE IF EXISTS `orders`;
/*!40101 SET @saved_cs_client     = @@character_set_client */;
 SET character_set_client = utf8mb4 ;
CREATE TABLE `orders` (
  `Id` bigint(20) NOT NULL AUTO_INCREMENT,
  `Username` varchar(50) CHARACTER SET utf8 COLLATE utf8_general_ci NOT NULL,
  `CreateDate` datetime NOT NULL,
  `Address` varchar(100) CHARACTER SET utf8 COLLATE utf8_general_ci NOT NULL,
  `NguoiNhan` varchar(50) CHARACTER SET utf8 COLLATE utf8_general_ci NOT NULL,
  `SDT` varchar(20) CHARACTER SET utf8 COLLATE utf8_general_ci NOT NULL,
  `DiaChiNN` varchar(100) CHARACTER SET utf8 COLLATE utf8_general_ci NOT NULL,
  `TrangThai` varchar(100) CHARACTER SET utf8 COLLATE utf8_general_ci NOT NULL,
  `Codeid` int(11) DEFAULT NULL,
  `CHid` int(11) DEFAULT NULL,
  `TongTien` float NOT NULL,
  `hoanthanh` bit(1) DEFAULT NULL,
  PRIMARY KEY (`Id`)
) ENGINE=InnoDB AUTO_INCREMENT=6 DEFAULT CHARSET=utf8mb4 COLLATE=utf8mb4_0900_ai_ci;
/*!40101 SET character_set_client = @saved_cs_client */;

--
-- Dumping data for table `orders`
--

LOCK TABLES `orders` WRITE;
/*!40000 ALTER TABLE `orders` DISABLE KEYS */;
INSERT INTO `orders` VALUES (1,'hsang','2025-03-03 17:04:36','6','6','6','Tỉnh: 6 - Quận: 6 - Đường: 6','Đã đặt hàng',NULL,1,76470000,_binary ''),(2,'hsang','2025-03-03 17:04:36','6','6','6','Tỉnh: 6 - Quận: 6 - Đường: 6','Đã đặt hàng',NULL,4,63970000,_binary ''),(3,'hsang','2025-03-03 17:06:19','7','7','7','Tỉnh: 7 - Quận: 7 - Đường: 7','Đã đặt hàng',19,1,0,_binary ''),(4,'hsang','2025-03-03 17:07:26','0','0','0','Tỉnh: 0 - Quận: 0 - Đường: 0','Đã đặt hàng',NULL,4,12490000,_binary ''),(5,'hsang','2025-03-03 17:08:18','6','6','6','Tỉnh: 6 - Quận: 6 - Đường: 6','Đã đặt hàng',NULL,1,20490000,_binary '');
/*!40000 ALTER TABLE `orders` ENABLE KEYS */;
UNLOCK TABLES;

--
-- Table structure for table `prepay`
--

DROP TABLE IF EXISTS `prepay`;
/*!40101 SET @saved_cs_client     = @@character_set_client */;
 SET character_set_client = utf8mb4 ;
CREATE TABLE `prepay` (
  `Id` int(11) NOT NULL AUTO_INCREMENT,
  `percents` int(11) NOT NULL,
  `tien` float NOT NULL,
  `date` date NOT NULL,
  `Orderid` bigint(20) NOT NULL,
  PRIMARY KEY (`Id`)
) ENGINE=InnoDB DEFAULT CHARSET=utf8mb4 COLLATE=utf8mb4_0900_ai_ci;
/*!40101 SET character_set_client = @saved_cs_client */;

--
-- Dumping data for table `prepay`
--

LOCK TABLES `prepay` WRITE;
/*!40000 ALTER TABLE `prepay` DISABLE KEYS */;
/*!40000 ALTER TABLE `prepay` ENABLE KEYS */;
UNLOCK TABLES;

--
-- Table structure for table `products`
--

DROP TABLE IF EXISTS `products`;
/*!40101 SET @saved_cs_client     = @@character_set_client */;
 SET character_set_client = utf8mb4 ;
CREATE TABLE `products` (
  `Id` int(11) NOT NULL AUTO_INCREMENT,
  `Name` varchar(50) CHARACTER SET utf8 COLLATE utf8_general_ci NOT NULL,
  `Price` float NOT NULL,
  `SoLuong` int(11) NOT NULL,
  `CreateDate` date NOT NULL,
  `Image` varchar(50) CHARACTER SET utf8 COLLATE utf8_general_ci NOT NULL,
  `Available` bit(1) NOT NULL,
  `CategoryId` int(11) NOT NULL,
  `CuaHangId` int(11) NOT NULL,
  PRIMARY KEY (`Id`)
) ENGINE=InnoDB AUTO_INCREMENT=1181 DEFAULT CHARSET=utf8mb4 COLLATE=utf8mb4_0900_ai_ci;
/*!40101 SET character_set_client = @saved_cs_client */;

--
-- Dumping data for table `products`
--

LOCK TABLES `products` WRITE;
/*!40000 ALTER TABLE `products` DISABLE KEYS */;
INSERT INTO `products` VALUES (9,'Iphone12_Xanh',20490000,4,'2021-09-25','iphone-12-xanh-duong-600x600.jpg',_binary '',3,1),(10,'Iphone12_Pro_Mau_Xanh_Duong',30990000,0,'2021-09-25','iphone-12-pro-max-xanh-duong-new.jpg',_binary '',3,4),(12,'Iphone 12 pro bac',27990000,0,'2021-09-25','iphone-12-pro-bac-new.jpg',_binary '',3,1),(13,'Iphone 12 mimi den',16490000,2,'2021-09-25','iphone-12-mini-den-15-600x600.jpg',_binary '',3,4),(16,'Iphone xr hop mau den',12490000,7,'2021-09-25','iphone-xr-hopmoi-den-600x600.jpg',_binary '',3,4),(17,'Iphone se 128gb 2020 do',11990000,2,'2021-09-26','iphone-se-128gb-2020-do-600x600.jpg',_binary '',3,4),(19,'Iphone-se 2020 trang',10490000,6,'2021-09-26','iphone-se-2020-trang-600x600-600x600.jpg',_binary '',3,4),(20,'Iphone xi xanh la',14990000,32,'2021-09-26','iphone-xi-xanhla-600x600.jpg',_binary '',3,4),(23,'SamSung galaxy z fold 3 silver',41990000,0,'2021-09-26','samsung-galaxy-z-fold-3-silver-600x600.jpg',_binary '',4,4),(24,'SamSung galaxy a52 5g thumb black',9990000,9,'2021-09-26','samsung-galaxy-a52-5g-thumb-black.jpg',_binary '',4,1),(25,'SamSung galaxy z flip cream 6',24990000,9,'2021-09-26','samsung-galaxy-z-flip-3-cream-600x600.jpg',_binary '',4,1),(26,'SamSung galaxy z fold 2 den',50000000,11,'2021-09-26','samsung-galaxy-z-fold-2-den-600x600.jpg',_binary '',4,1),(27,'SamSung galaxy s21 tim',14990000,11,'2021-09-26','samsung-galaxy-s21-tim-600x600.jpg',_binary '',4,1),(28,'realme-c21y-black-600x600',3690000,11,'2021-09-26','realme-c21y-black-600x600.jpg',_binary '',5,1),(31,'realme-c25s-grey-7-600x600',4990000,11,'2021-09-26','realme-c25s-grey-7-600x600.jpg',_binary '',5,1),(34,'realme-8-pro-vang-600x600',8690000,11,'2021-09-26','realme-8-pro-vang-600x600.jpg',_binary '',5,1),(35,'realme-8-pro-balck-600x600',8690000,10,'2021-09-26','realme-8-pro-balck-600x600.jpg',_binary '',5,1),(37,'realme-8-silver-600x600',7290000,11,'2021-09-26','realme-8-silver-600x600.jpg',_binary '',5,4),(38,'Vivo y12s den new',3790000,10,'2021-09-26','vivo-y12s-den-new-600x600-600x600.jpg',_binary '',8,1),(39,'Vivo y53s xanh 600',6990000,10,'2021-09-26','vivo-y53s-xanh-600x600.jpg',_binary '',8,1),(41,'Vivo v21 5g xanh den',9490000,10,'2021-09-26','vivo-v21-5g-xanh-den-600x600.jpg',_binary '',8,1),(42,'Vivo den',7790000,10,'2021-09-26','vivov202021den-600x600.jpg',_binary '',8,1),(44,'Vivo v20 600 xanh hong',7790000,10,'2021-09-26','vivo-v20-600-xanh-hong-2-600x600.jpg',_binary '',8,1),(45,'Vsmart star 5 black',279000,10,'2021-09-26','vsmart-star-5-thumb-black-600x600.jpg',_binary '',9,1),(46,'Vsmart aris pro green',5990000,10,'2021-09-26','vsmart-aris-pro-green-600jpg-600x600.jpg',_binary '',9,1),(47,'Vsmart aris xam',5190000,10,'2021-09-26','vsmart-aris-xam-600x600-600x600.jpg',_binary '',9,1),(48,'Vsmart live 4 xanh la',3590000,10,'2021-09-26','vsmart-live-4-xanh-la-600x600.jpg',_binary '',9,1),(50,'Vsmart joy 4-6gb trang',3290000,10,'2021-09-26','vsmart-joy-4-6gb-trang-600x600-600x600.jpg',_binary '',9,1),(52,'Xiaomi 11 lite 4g blue',7590000,10,'2021-09-26','xiaomi-mi-11-lite-4g-blue-600x600.jpg',_binary '',10,1),(54,'Xiaomi redmi note xanh bong dem',5990000,10,'2021-09-26','xiaomi-redmi-note-10-5g-xanh-bong-dem.jpg',_binary '',10,1),(55,'Xiaomi 11 xanh duong',16990000,10,'2021-09-26','xiaomi-mi-11-xanhduong.jpg',_binary '',10,1),(56,'Xiaomi 10t pro den',12490000,10,'2021-09-26','xiaomi-mi-10t-pro-den-600x600.jpg',_binary '',10,1),(57,'Xiaomi redmi note pro xam',7490000,10,'2021-09-26','xiaomi-redmi-note-10-pro-thumb-xam.jpg',_binary '',10,1),(58,'Oppo reno6 aurora',9490000,10,'2021-09-26','oppo-reno6-z-5g-aurora-1-600x600.jpg',_binary '',11,1),(59,'Oppo reno6 5g aurora',12990000,10,'2021-09-26','oppo-reno6-5g-aurora-600x600.jpg',_binary '',11,1),(60,'Oppo a74 blue 9',6690000,10,'2021-09-26','oppo-a74-blue-9-600x600.jpg',_binary '',11,1),(61,'Oppo find x3 pro black',26990000,10,'2021-09-26','oppo-find-x3-pro-black-001-1-600x600.jpg',_binary '',11,1),(62,'Oppo reno5 5g thumb',11390000,10,'2021-09-26','oppo-reno5-5g-thumb-600x600.jpg',_binary '',11,1),(63,'Apple Watch s3 GPS',20000000,9,'2021-09-26','Apple Watch S3 GPS.jpg',_binary '',12,4),(64,'Apple Watch S5 LTE',19541000,9,'2021-09-26','Apple Watch S5 LTE 44mm viền thép dây thép bạc.jpg',_binary '',12,1),(65,'Apple Watch S6 40mm',10191000,10,'2021-09-26','Apple Watch S6 40mm viền nhôm dây cao su hồng.jpg',_binary '',12,1),(66,'Apple Watch S6 LTE',18691000,10,'2021-09-26','Apple Watch S6 LTE.jpg',_binary '',12,1),(67,'Apple Watch SE LTE',10191000,10,'2021-09-26','Apple Watch SE LTE.jpg',_binary '',12,1),(68,'Apple Watch SE',7641000,10,'2021-09-26','Apple Watch SE.jpg',_binary '',12,1),(69,'BeU Active',1390000,10,'2021-09-26','BeU Active 1.jpg',_binary '',13,1),(70,'BeU PT1',833000,10,'2021-09-26','BeU PT1.jpg',_binary '',13,4),(72,'BeU PT2',792000,10,'2021-09-26','BeU PT2.jpg',_binary '',13,1),(73,'BeU Sporty 1',159000,10,'2021-09-26','BeU Sporty 1.jpg',_binary '',13,1),(74,'BeU Watch KW09',1752000,10,'2021-09-26','BeU Watch KW09.jpg',_binary '',13,1),(75,'BeU B2',552000,10,'2021-09-26','Đồng hồ thông minh BeU B2.jpg',_binary '',13,1),(76,'Garmin Enduro',19990000,10,'2021-09-26','Garmin Enduro.jpg',_binary '',14,1),(77,'Garmin Fenix 6 Pro Solar',21490000,10,'2021-09-26','Garmin Fenix 6 Pro Solar.jpg',_binary '',14,1),(78,'Garmin Fenix 6',22490000,10,'2021-09-26','Garmin Fenix 6.jpg',_binary '',14,1),(79,'Garmin Fenix 6x Sapphire',21490000,10,'2021-09-26','Garmin Fenix 6X Sapphire.jpg',_binary '',14,1),(80,'Garmin Forerunner 945',14990000,10,'2021-09-26','Garmin Forerunner 945.jpg',_binary '',14,1),(81,'Garmin Lily',4990000,10,'2021-09-26','Garmin Lily.jpg',_binary '',14,1),(82,'Kidcare',792000,10,'2021-09-26','Kidcare 06S.jpg',_binary '',15,1),(83,'Kidcare 08S',1112000,11,'2021-09-26','Kidcare 08S.jpg',_binary '',15,1),(84,'Kidcare 26',1032000,11,'2021-09-26','Kidcare 26.jpg',_binary '',15,1),(85,'Kidcare S6 Xanh',1432000,11,'2021-09-26','Kidcare S6 Xanh.jpg',_binary '',15,1),(86,'Kidcare S6',1432000,11,'2021-09-26','Kidcare S6.jpg',_binary '',15,1),(87,'Kidcare S4',1832000,10,'2021-09-26','Kidcare S8.jpg',_binary '',15,1),(88,'Oppo Band',711000,10,'2021-09-26','Oppo Band.jpg',_binary '',16,1),(89,'Oppo Watch 41mm day silicone den',4312000,10,'2021-09-26','Oppo Watch 41mm dây silicone đen.jpg',_binary '',16,1),(90,'Oppo Watch 41mm day silicone',4752000,10,'2021-09-26','Oppo Watch 41mm dây silicone.jpg',_binary '',16,1),(91,'Oppo Watch 41mm',4312000,10,'2021-09-26','Oppo Watch 41mm.jpg',_binary '',16,1),(92,'Oppo Watch 46mm day silicone den',7990000,10,'2021-09-26','Oppo Watch 46mm dây silicone đen.jpg',_binary '',16,1),(93,'Oppo Watch 46mm',5752000,10,'2021-09-26','Oppo Watch 46mm.jpg',_binary '',16,1),(95,'Samsung Galaxy Watch 3 45mm titanium',1149000,10,'2021-09-26','Samsung Galaxy Watch 3 45mm titanium.jpg',_binary '',17,1),(97,'Samsung Galaxy',6990000,10,'2021-09-26','Samsung Galaxy Watch 3 LTE.jpg',_binary '',17,1),(98,'Samsung Galaxy Watch 3',4990000,10,'2021-09-26','Samsung Galaxy Watch 3.jpg',_binary '',17,1),(99,'Samsung Galaxy Watch 4 LTE',9490000,10,'2021-09-26','Samsung Galaxy Watch 4 LTE.jpg',_binary '',17,1),(100,'Samsung Galaxy Watch 4',8990000,10,'2021-09-26','Samsung Galaxy Watch 4.jpg',_binary '',17,1),(101,'Samsung Galaxy Watch Active 2',5990000,10,'2021-09-26','Samsung Galaxy Watch Active 2.jpg',_binary '',17,1),(102,'Laptop Acer Aspire 7 Gaming',20490000,-15,'2021-09-26','20.490.000.jpg',_binary '',18,1),(103,'Laptop Acer Aspire A315',11690000,10,'2021-09-26','11.690.000.jpg',_binary '',18,1),(104,'Laptop Acer Swift 3 SF314',20690000,9,'2021-09-26','20.690.000.jpg',_binary '',18,1),(105,'Laptop Acer Aspire 7 Gaming A715',18990000,10,'2021-09-26','18.990.000.jpg',_binary '',18,1),(106,'Laptop Acer Nitro 5 Gaming An515',28990000,10,'2021-09-26','28.990.000.jpg',_binary '',18,1),(108,'Laptop Asus TUF Gaming FX506LH',21490000,10,'2021-09-26','Asus TUF Gaming FX506LH i5.jpg',_binary '',19,1),(109,'Laptop Asus VivoBook A515EA i3 ',16190000,10,'2021-09-26','Asus VivoBook A515EA i3.jpg',_binary '',19,1),(110,'Laptop Asus ZenBook UX371EA i7',39490000,10,'2021-09-26','39.490.000Đ.jpg',_binary '',19,1),(111,'Laptop Asus TUF Gaming FX516PM i7',32490000,10,'2021-09-26','32.490.000Đ.jpg',_binary '',19,1),(112,'Laptop Asus VivoBook A515EP i5',20390000,10,'2021-09-26','20.390.000Đ.jpg',_binary '',19,1),(113,'Laptop Dell Gaming G3 15 i7',31290000,10,'2021-09-26','31.290.000.jpg',_binary '',20,1),(114,'Laptop Dell Gaming G3 15 i7',27290000,10,'2021-09-26','27.290.000.jpg',_binary '',20,1),(115,'Laptop Dell XPS 13 9310 i5',41490000,10,'2021-09-26','41.490.000.jpg',_binary '',20,1),(116,'Laptop Dell Gaming G5 15 5500 i7',30590000,10,'2021-09-26','30.590.000.jpg',_binary '',20,1),(117,'Laptop Dell Inspiron 7501 i5',29990000,10,'2021-09-26','29.990.000.jpg',_binary '',20,1),(118,'Laptop HP Pavilion 15 eg0505TU i5',18590000,10,'2021-09-26','18.590.000Đ.jpg',_binary '',21,1),(119,'Laptop HP 15s fq2559TU i5',17590000,10,'2021-09-26','17.590.000Đ.jpg',_binary '',21,1),(120,'Laptop HP Omen 15 ek0078TX i7',51740000,10,'2021-09-26','51.740.000Đ.jpg',_binary '',21,1),(121,'Laptop HP EliteBook X360 1040 G8 i7',49090000,10,'2021-09-26','49.090.000.jpg',_binary '',21,1),(122,'Laptop HP Envy 13 ba1030TU i7',28890000,10,'2021-09-26','28.890.000.jpg',_binary '',21,1),(123,'Laptop Lenovo IdeaPad Slim 5 15ITL05 i5',18090000,10,'2021-09-26','18.090.000.jpg',_binary '',22,1),(124,'Laptop Lenovo IdeaPad 3 15ITL6 i5',17590000,10,'2021-09-26','17.590.000.jpg',_binary '',22,1),(125,'Laptop Lenovo Ideapad 5 15ITL05 i5',20590000,10,'2021-09-26','20.590.000.jpg',_binary '',22,1),(129,'Laptop Lenovo Ideapad Gaming 3 15IMH05 i7',24990000,10,'2021-09-26','24.990.000.jpg',_binary '',22,1),(130,'Laptop Lenovo Yoga 9 14ITL5 i7',47990000,10,'2021-09-26','47.990.000.jpg',_binary '',22,1),(133,'Laptop LG Gram 16 2021 i7',50890000,10,'2021-09-26','50.890.000.jpg',_binary '',24,1),(1007,'Laptop LG Gram 16 2021 i7',48890000,10,'2021-09-26','48.890.000.jpg',_binary '',24,1),(1008,'Laptop LG Gram 14 2021 i7',48890000,10,'2021-09-26','28.990.000.jpg',_binary '',24,1),(1009,'Laptop LG Gram 14 i5',28990000,10,'2021-09-26','MacBook Pro M1 2020.jpg',_binary '',24,1),(1010,'MacBook Pro M1 2020',33190000,10,'2021-09-26','MacBook Air M1 2020.jpg',_binary '',25,1),(1011,'MacBook Air M1',7490000,10,'2021-09-26','MacBook Air M1 2020 8GB512GBSilver.jpg',_binary '',25,1),(1013,'MacBook Air M1 2020 ',33190000,10,'2021-09-26','MacBook Pro M1 2020 8GB512GBSilver.jpg',_binary '',25,1),(1014,'MacBook Pro M1 2020 Silver',37990000,10,'2021-09-26','MacBook Pro M1 2020 16GB1TB SSDSpace Grey.jpg',_binary '',25,1),(1015,'MacBook Pro M1 2020 16GB1TB SSDSpace Grey',50290000,10,'2021-09-26','31.990.000.jpg',_binary '',25,1),(1016,'Laptop MSI Gaming GF65 10UE i7',31990000,10,'2021-09-26','29.490.000.jpg',_binary '',26,1),(1017,'Laptop MSI Katana Gaming GF66 11UC i7',29490000,10,'2021-09-26','52.490.00.jpg',_binary '',26,1),(1018,'Laptop MSI Gaming GP76 11UG i7',52490000,10,'2021-09-27','39.490.000.jpg',_binary '',26,1),(1019,'Laptop MSI Summit E13 Flip i7',39490000,10,'2021-09-27','32.490.000.jpg',_binary '',26,1),(1020,'Laptop MSI Gaming Leopard 10SDK GL65 i7',32490000,10,'2021-09-27','28.590.000.jpg',_binary '',26,1),(1021,'Laptop MSI Gaming GF65 Thin 10UE i5',28590000,10,'2021-09-27','24.490.000.jpg',_binary '',26,1),(1022,'Laptop MSI Gaming GL65 Leopard 10SCXK i7',24490000,10,'2021-09-27','huawei-t10s-600x600-600x600.jpg',_binary '',26,1),(1023,'Máy tính bảng Huawei MatePad T10s ',50140000,4,'2021-09-27','huawei-matepad-xanh-600x600-600x600.jpg',_binary '',1005,1),(1024,'Máy tính bảng Huawei MatePad 64GB ',6590000,5,'2021-09-27','huawei-matepad-xam-128gb-600x600.jpg',_binary '',1005,1),(1025,'Máy tính bảng Huawei MatePad 128GB ',7490000,10,'2021-09-27','huawei-matepad-t8-xanh-600x600.jpg',_binary '',1005,1),(1026,'Máy tính bảng Huawei MatePad T8 ',3090000,10,'2021-09-27','ipad-pro-2021-129-inch-silver-600x600.jpg',_binary '',1005,1),(1027,'Máy tính bảng iPad Pro M1 ',38490000,10,'2021-09-27','ipad-pro-2021-11-inch-silver-600x600.jpg',_binary '',1006,1),(1028,'Máy tính bảng iPad Pro M1 11 inch ',28990000,10,'2021-09-27','ipad-pro-2021-11-inch-silver-600x600.jpg',_binary '',1006,1),(1029,'Máy tính bảng iPad Pro 12.9 inch ',26790000,10,'2021-09-27','ipad-pro-11-inch-wifi-cellular-128gb-2020-xam.jpg',_binary '',1006,1),(1030,'Máy tính bảng iPad Pro 11 inch ',26290000,10,'2021-09-27','ipad-air-4-wifi-64gb-2020-xanhla.jpg',_binary '',1006,1),(1031,'Máy tính bảng iPad Air 4 ',21290000,10,'2021-09-27','ipad-mini-79-inch-wifi-cellular-64gb-2019.jpg',_binary '',1006,1),(1032,'Máy tính bảng iPad mini 7.9 inch ',15790000,10,'2021-09-27','ipad-gen-8-cellular-vang-new.jpg',_binary '',1006,1),(1034,'Máy tính bảng iPad 8 Wifi Cellular 128GB ',15790000,10,'2021-09-27','tab-m10-fhd-plus-600-600x600.jpg',_binary '',1006,1),(1035,'Máy tính bảng Lenovo Tab M10 ',5990000,10,'2021-09-27','tab-m10-gen-2-600x600-600x600.jpg',_binary '',1007,1),(1036,'Máy tính bảng Lenovo Tab M10 - Gen 2',4690000,10,'2021-09-27','lenovo-tab-a22-xam-600x600.jpg',_binary '',1007,1),(1037,'Máy tính bảng Lenovo Tab M8 ',3790000,10,'2021-09-27','lenovo-tab-m7-600x600-1-600x600.jpg',_binary '',1007,1),(1038,'Máy tính bảng Lenovo Tab M7',2240000,10,'2021-09-27','lenovo-tab-e7-tb-7104i-600x600-600x600.jpg',_binary '',1007,1),(1039,'Máy tính bảng Lenovo Tab E7 ',1990000,10,'2021-09-27','masstel-tab-10-ultra-vangdong-600x600-600x600.jpg',_binary '',1007,1),(1040,'Máy tính bảng Masstel Tab 10 Ultra',3590000,10,'2021-09-27','masstel-tab-10-den-600x600-600x600.jpg',_binary '',1008,1),(1041,'Máy tính bảng Masstel Tab10 4G',3290000,10,'2021-09-27','masstel-tab10-pro-vang-new-600x600.jpg',_binary '',1008,1),(1042,'Máy tính bảng Masstel Tab 10 Pro',2240000,10,'2021-09-27','masstel-tab10-pro-vang-new-600x600.jpg',_binary '',1008,1),(1043,'Máy tính bảng Samsung Galaxy Tab S7 FE',13990000,10,'2021-09-27','samsung-galaxy-tab-s7-fe-green-600x600.jpg',_binary '',1009,1),(1044,'Máy tính bảng Samsung Galaxy Tab A7 Lite',4490000,10,'2021-09-27','samsung-galaxy-tab-a7-lite-sliver-600x600.jpg',_binary '',1009,1),(1045,'Máy tính bảng Samsung Galaxy Tab S7',18990000,10,'2021-09-27','samsung-galaxy-tab-s7- ld-new-600x600.jpg',_binary '',1009,1),(1046,'Máy tính bảng Samsung Galaxy Tab A8 ',3690000,10,'2021-09-27','samsung-galaxy-tab-a8-t295-2019-black-1.jpg',_binary '',1009,1),(1047,'Máy tính bảng Samsung Galaxy Tab S6 Lite',9990000,10,'2021-09-27','samsung-galaxy-tab-s6-lite-600x600-2-600x600.jpg',_binary '',1009,1),(1091,'AirPods Pro Wireless Charge Apple MWP22',6790000,10,'2020-02-02','AirPods Pro Wireless Charge Apple MWP22(2).jpg',_binary '',1018,1),(1092,'Beats Flex MYMC2 MYMD2',1290000,3,'2021-10-10','Beats Flex MYMC2 MYMD2(2).jpg',_binary '',1018,1),(1094,'True wireless Belkin Soundform Move PAC001',1299000,8,'2021-10-11','True wireless Belkin Soundform Move PAC001(2).jpg',_binary '',1018,1),(1095,'True Wireless Mozard TS13',350000,10,'2021-10-11','True Wireless Mozard TS13(2).jpg',_binary '',1018,1),(1096,'True Wireless Rezo T206',500000,11,'2021-10-11','True Wireless Rezo T206(2).jpg',_binary '',1018,1),(1099,'Bluetooth Cosano HD-P7',75000,10,'2021-10-11','Bluetooth Cosano HD-P7(2).jpg',_binary '',1019,1),(1100,'Bluetooth Tripod Xmobile K06',150000,10,'2021-10-11','Bluetooth Tripod Xmobile K06(2).jpg',_binary '',1019,1),(1101,'Mini Cosano CW1',50000,10,'2021-10-11','Mini Cosano CW1(2).jpg',_binary '',1019,1),(1102,'Osmia OW2',70000,10,'2021-10-11','Osmia OW2(2).jpg',_binary '',1019,1),(1103,'Osmia OW4',70000,10,'2021-10-11','Osmia OW4(2).jpg',_binary '',1019,1),(1104,'Osmia OW5',70000,10,'2021-10-11','Osmia OW5(2).jpg',_binary '',1019,1),(1105,'Cosano PH-Z1',100000,10,'2021-10-11','Cosano PH-Z1(2).jpg',_binary '',1022,1),(1106,'Esaver JHD -278',160000,10,'2021-10-11','Esaver JHD -278(2).jpg',_binary '',1022,1),(1107,'Esaver JHD-40HD12',60000,10,'2021-10-11','Esaver JHD-40HD12(2).jpg',_binary '',1022,1),(1108,'Esaver JHD-171',50000,10,'2021-10-11','Esaver JHD-171(2).jpg',_binary '',1022,1),(1109,'Harman Kardon Aura Studio 3',6900000,10,'2021-10-11','Harman Kardon Aura Studio 3(2).jpg',_binary '',1023,1),(1110,'Loa JBL Clip 4',500000,10,'2021-10-11','Loa JBL Clip 4(2).jpg',_binary '',1023,1),(1112,'Loa JBL   3',500000,10,'2021-10-11','Loa JBL   3(2).jpg',_binary '',1023,1),(1113,'Sony SRS-XB13',1290000,10,'2021-10-11','Sony SRS-XB13(2).jpg',_binary '',1023,1),(1114,'Anker PowerCore Slim A1231',1000000,10,'2021-10-11','Anker PowerCore Slim A1231(2).jpg',_binary '',1024,1),(1115,'AVA+ PB100S',440000,10,'2021-10-11','AVA+ PB100S(2).jpg',_binary '',1024,1),(1116,'Belkin Pocket Power BPB001',760000,10,'2021-10-11','Belkin Pocket Power BPB001.jpg',_binary '',1024,1),(1117,'Energizer UE10054BK',330000,10,'2021-10-11','Energizer UE10054BK(2).jpg',_binary '',1024,1),(1118,'eValu PA Croco',600000,10,'2021-10-11','eValu PA Croco(2).jpg',_binary '',1024,1),(1119,'Xmobile PowerSlim PJ JP213',500000,10,'2021-10-11','Xmobile PowerSlim PJ JP213(2).jpg',_binary '',1024,1),(1120,'Harman Kardon Aura Studio 3',6900000,10,'2021-10-12','Harman Kardon Aura Studio 3(2).jpg',_binary '',1026,1),(1122,'Loa JBL Clip 4',500000,10,'2021-10-12','Loa JBL Clip 4(2).jpg',_binary '',1026,1),(1123,'Loa JBL   3',500000,10,'2021-10-12','Loa JBL   3(2).jpg',_binary '',1026,1),(1124,'Sony SRS-XB13',1290000,10,'2021-10-12','Sony SRS-XB13(2).jpg',_binary '',1026,1),(1125,'Anker PowerCore Slim A1231',1000000,10,'2021-10-12','Anker PowerCore Slim A1231(2).jpg',_binary '',1027,1),(1126,'AVA+ PB100S',440000,10,'2021-10-12','AVA+ PB100S(2).jpg',_binary '',1027,1),(1127,'Belkin Pocket Power BPB001',760000,10,'2021-10-12','Belkin Pocket Power BPB001.jpg',_binary '',1027,1),(1128,'Energizer UE10054BK',330000,10,'2021-10-12','Energizer UE10054BK(2).jpg',_binary '',1027,1),(1129,'eValu PA Croco',600000,10,'2021-10-12','eValu PA Croco(2).jpg',_binary '',1027,1),(1130,'Xmobile PowerSlim PJ JP213',500000,10,'2021-10-12','Xmobile PowerSlim PJ JP213.jpg',_binary '',1027,1),(1133,'AirPods Pro Wireless Charge Apple MWP22',6790000,10,'2021-10-12','AirPods Pro Wireless Charge Apple MWP22(2).jpg',_binary '',1028,1),(1134,'Beats Flex MYMC2 MYMD2',1290000,10,'2021-10-12','Beats Flex MYMC2 MYMD2(2).jpg',_binary '',1028,1),(1135,'True wireless Belkin Soundform Move PAC001',1299000,10,'2021-10-12','True wireless Belkin Soundform Move PAC001(2).jpg',_binary '',1028,1),(1136,'True Wireless Mozard TS13',350000,10,'2021-10-12','True Wireless Mozard TS13(2).jpg',_binary '',1028,1),(1137,'True Wireless Rezo T206(2).jpg',500000,10,'2021-10-12','True Wireless Rezo T206(2).jpg',_binary '',1028,1),(1141,'Bàn Phím Cơ Có Dây Gaming Razer',2912000,10,'2021-10-13','a1.jpg',_binary '',1029,1),(1142,'Bàn Phím Cơ Có Dây Gaming Rapoo V500Pro Vàng Xanh',990000,10,'2021-10-13','a7.jpg',_binary '',1029,1),(1143,'Thông số kỹ thuật Bàn Phím Không Dây Logitech K580',989000,10,'2021-10-13','a13.jpg',_binary '',1029,1),(1144,'Bàn Phím Cơ Có Dây Gaming Corsair K63 ',1575000,10,'2021-10-13','a19.jpg',_binary '',1029,1),(1146,'Bàn Phím Cơ Có Dây Gaming Silent Razer Lite',1912000,10,'2021-10-13','a26.jpg',_binary '',1029,1),(1147,'Chuột Không Dây Bluetooth Rapoo M160 Đen',220000,10,'2021-10-13','b1.jpg',_binary '',1030,1),(1148,'Chuột Không Dây Gaming Razer Basilisk x HyperSpeed',1064000,10,'2021-10-13','b6.jpg',_binary '',1030,1),(1149,'Chuột Bluetooth Gaming Corsair Harpoon RGB Đen',1251000,10,'2021-10-13','b11.jpg',_binary '',1030,1),(1150,'Chuột Bluetooth Apple MLA02',1992000,10,'2021-10-13','b16.jpg',_binary '',1030,1),(1151,'Chuột không dây Logitech MX Anywhere 3',1999000,10,'2021-10-13','b20.jpg',_binary '',1030,1),(1152,'Tai nghe chụp tai Rapoo H100 Đen',250000,10,'2021-10-13','c1.jpg',_binary '',1031,1),(1157,'Tai nghe chụp tai Bluetooth AirPods Max Apple',12311000,10,'2021-10-13','c7.jpg',_binary '',1031,1),(1158,'Tai nghe chụp tai Beats Studio3 Wireless ',6741000,10,'2021-10-13','c11.jpg',_binary '',1031,1),(1159,'Tai nghe chụp tai Bluetooth Sony WH-XB900N',5790000,10,'2021-10-13','c17.jpg',_binary '',1031,1),(1160,'Tai nghe chụp tai Gaming MozardX G1 Đen',472000,10,'2021-10-13','c23.jpg',_binary '',1031,1),(1163,'Ổ cứng SSD 500GB WD My Passport   Xanh Dương',2790000,10,'2021-10-13','d1.jpg',_binary '',1032,1),(1164,'Ổ cứng HDD 2TB WD My Passport G0020BBK',2790000,10,'2021-10-13','d7.jpg',_binary '',1032,1),(1165,'Ổ cứng HDD 1TB WD My Passport G0010BRD ',1521000,10,'2021-10-13','d13.jpg',_binary '',1032,1),(1169,'Ổ cứng HDD 2TB Seagate Backup Plus Slim',2750000,10,'2021-10-13','d20.jpg',_binary '',1032,1),(1170,'Ổ cứng HDD 1TB Seagate Backup Plus Slim Xanh Dương',1690000,10,'2021-10-13','d26.jpg',_binary '',1032,1),(1171,'USB OTG 3.1 64GB Type C Sandisk SDDDC3 Đen',337000,10,'2021-10-13','e1.jpg',_binary '',1033,1),(1172,'USB 3.0 32 GB Sandisk CZ73',187000,10,'2021-10-13','e7.jpg',_binary '',1033,1),(1173,'USB 3.1 32 GB Apacer AH357',187000,10,'2021-10-13','e11.jpg',_binary '',1033,1),(1175,'USB 3.0 - 3.1 16 GB Transcend JetFlash 790',144000,10,'2021-10-13','e16.jpg',_binary '',1033,1),(1176,'USB 3.0 16 GB Apacer AH354',144000,10,'2021-10-13','e22.jpg',_binary '',1033,1),(1177,'1',1,14,'2021-10-15','ffd4a704.jpg',_binary '',14,1);
/*!40000 ALTER TABLE `products` ENABLE KEYS */;
UNLOCK TABLES;

--
-- Table structure for table `roles`
--

DROP TABLE IF EXISTS `roles`;
/*!40101 SET @saved_cs_client     = @@character_set_client */;
 SET character_set_client = utf8mb4 ;
CREATE TABLE `roles` (
  `Id` varchar(10) CHARACTER SET utf8 COLLATE utf8_general_ci NOT NULL,
  `Name` varchar(50) CHARACTER SET utf8 COLLATE utf8_general_ci NOT NULL,
  PRIMARY KEY (`Id`)
) ENGINE=InnoDB DEFAULT CHARSET=utf8mb4 COLLATE=utf8mb4_0900_ai_ci;
/*!40101 SET character_set_client = @saved_cs_client */;

--
-- Dumping data for table `roles`
--

LOCK TABLES `roles` WRITE;
/*!40000 ALTER TABLE `roles` DISABLE KEYS */;
INSERT INTO `roles` VALUES ('AD','ADMIN'),('CH','Chủ cửa hàng'),('KH','Khách Hàng');
/*!40000 ALTER TABLE `roles` ENABLE KEYS */;
UNLOCK TABLES;

--
-- Table structure for table `saleuser`
--

DROP TABLE IF EXISTS `saleuser`;
/*!40101 SET @saved_cs_client     = @@character_set_client */;
 SET character_set_client = utf8mb4 ;
CREATE TABLE `saleuser` (
  `Id` int(11) NOT NULL AUTO_INCREMENT,
  `Username` varchar(50) CHARACTER SET utf8 COLLATE utf8_general_ci NOT NULL,
  `Codeid` int(11) NOT NULL,
  `date` date NOT NULL,
  PRIMARY KEY (`Id`)
) ENGINE=InnoDB AUTO_INCREMENT=21 DEFAULT CHARSET=utf8mb4 COLLATE=utf8mb4_0900_ai_ci;
/*!40101 SET character_set_client = @saved_cs_client */;

--
-- Dumping data for table `saleuser`
--

LOCK TABLES `saleuser` WRITE;
/*!40000 ALTER TABLE `saleuser` DISABLE KEYS */;
INSERT INTO `saleuser` VALUES (20,'hsang',19,'2025-03-03');
/*!40000 ALTER TABLE `saleuser` ENABLE KEYS */;
UNLOCK TABLES;

--
-- Table structure for table `specification`
--

DROP TABLE IF EXISTS `specification`;
/*!40101 SET @saved_cs_client     = @@character_set_client */;
 SET character_set_client = utf8mb4 ;
CREATE TABLE `specification` (
  `Id` int(11) NOT NULL AUTO_INCREMENT,
  `TenThuocTinh` varchar(50) CHARACTER SET utf8 COLLATE utf8_general_ci NOT NULL,
  `GiaTri` varchar(50) CHARACTER SET utf8 COLLATE utf8_general_ci NOT NULL,
  `ProductId` int(11) NOT NULL,
  PRIMARY KEY (`Id`)
) ENGINE=InnoDB AUTO_INCREMENT=1192 DEFAULT CHARSET=utf8mb4 COLLATE=utf8mb4_0900_ai_ci;
/*!40101 SET character_set_client = @saved_cs_client */;

--
-- Dumping data for table `specification`
--

LOCK TABLES `specification` WRITE;
/*!40000 ALTER TABLE `specification` DISABLE KEYS */;
INSERT INTO `specification` VALUES (1,'Màn hình','OLED',9),(5,'Hệ điều hành','iOS 14',9),(6,'Camera sau','2 camera 12 MP',9),(7,'Camera trước','12 MP',9),(8,'Chip xử lý','Apple A14 Bionic 6 nhân',9),(9,'RAM','4 GB',9),(10,'Bộ nhớ trong','64 GB',9),(11,'SIM','1 Nano SIM & 1 eSIM',9),(12,'Loại pin','Li-Ion',9),(13,'Dung lượng pin','2815 mAh',9),(14,'Hỗ trợ sạc tối đa','20 W',9),(16,'Màn hình','OLED',10),(17,'Hệ điều hành','iOS 14',10),(18,'Camera sau','3 camera 12 MP',10),(19,'Camera trước','12 MP',10),(20,'Chip xử lý','Apple A14 Bionic 6 nhân',10),(21,'RAM','6 GB',10),(22,'Bộ nhớ trong','128 GB',10),(23,'SIM','1 Nano SIM & 1 eSIM',10),(24,'Loại pin','Li-Ion',10),(25,'Dung lượng pin','3687 mAh',10),(26,'Hỗ trợ sạc tối đa','20 W',10),(27,'Màn hình','OLED',12),(28,'Hệ điều hành','iOS 14',12),(29,'Camera sau','3 camera 12 MP',12),(31,'Camera trước','12 MP',12),(32,'Chip xử lý ','Apple A14 Bionic 6 nhân',12),(33,'RAM','6 GB',12),(34,'Bộ nhớ trong','128 GB',12),(35,'SIM','1 Nano SIM & 1 eSIM',12),(36,'Loại pin','Li-Ion',12),(37,'Dung lượng pin','2815 mAh',12),(38,'Hỗ trợ sạc tối đa','20 W',12),(39,'Màn hình','OLED',13),(40,'Hệ điều hành','\niOS 14',13),(41,'Camera sau','2 camera 12 MP',13),(42,'Camera trước','12 MP',13),(43,'Chip xử lý','Apple A14 Bionic 6 nhân',13),(44,'RAM','4 GB',13),(45,'Bộ nhớ trong','64 GB',13),(46,'SIM','1 Nano SIM & 1 eSIM',13),(47,'Loại pin','\nLi-Ion',13),(48,'Dung lượng pin','2227 mAh',13),(49,'Hỗ trợ sạc tối đa','20 W',13),(50,'Màn hình','828 x 1792 Pixels',16),(51,'Hệ điều hành','iOS 14',16),(52,'Camera sau','12 MP',16),(53,'Camera trước','7 MP',16),(54,'Chip xử lý','Apple A12 Bionic 6 nhân',16),(55,'RAM','3 GB',16),(56,'Bộ nhớ trong','64 GB',16),(57,'SIM','1 Nano SIM & 1 eSIM',16),(58,'Loại pin','Li-Ion',16),(59,'Dung lượng pin','2942 mAh',16),(60,'Hỗ trợ sạc tối đa:','15 W',16),(61,'Màn hình','IPS LCD',17),(62,'Hệ điều hành','iOS 14',17),(63,'Camera sau','12 MP',17),(64,'Camera trước','7 MP',17),(65,'RAM','3 GB',17),(66,'Bộ nhớ trong','128 GB',17),(67,'Chip xử lý ','Apple A13 Bionic 6 nhân',17),(68,'SIM','1 Nano SIM & 1 eSIM',17),(69,'Loại pin','Li-Ion',17),(70,'Dung lượng pin','1821 mAh',17),(71,'Hỗ trợ sạc tối đa','18 W',17),(72,'Màn hình','OLED',19),(73,'\nHệ điều hành','iOS 14',19),(74,'Camera sau','3 camera 12 MP',19),(75,'Camera trước','12 MP',19),(77,'Chip xử lý','Apple A14 Bionic 6 nhân',19),(78,'RAM','6 GB',19),(79,'Bộ nhớ trong','128 GB',19),(80,'SIM','1 Nano SIM & 1 eSIM',19),(81,'Loại pin','Li-Ion',19),(82,'Dung lượng pin','2815 mAh',19),(83,'Hỗ trợ sạc tối đa','20 W',19),(84,'Màn hình','IPS LCD',20),(85,'Hệ điều hành','iOS 14',20),(86,'Camera sau','2 camera 12 MP',20),(87,'Camera trước','12 MP',20),(88,'RAM','4 GB',20),(89,'Bộ nhớ trong','64 GB',20),(90,'Chip xử lý','\nApple A13 Bionic 6 nhân',20),(91,'SIM','1 Nano SIM & 1 eSIM',20),(92,'Loại pin','Li-Ion',20),(93,'Dung lượng pin','3110 mAh',20),(94,'Hỗ trợ sạc tối đa','18 W',20),(95,'Màn hình','Dynamic AMOLED 2X',23),(96,'Hệ điều hành','Android 11',23),(97,'Camera sau','2 camera 12 MP',23),(98,'Camera trước','10 MP',23),(99,'RAM','8 GB',23),(100,'Bộ nhớ trong','128 GB',23),(101,'SIM','1 Nano SIM & 1 eSIM',23),(102,'Loại pin','Li-Ion',23),(103,'Dung lượng pin','3300 mAh',23),(104,'Hỗ trợ sạc tối đa','15 W',23),(105,'Màn hình','Super AMOLED',24),(106,'Hệ điều hành','\nAndroid 11',24),(107,'Camera sau','Chính 64 MP & Phụ 12 MP, 5 MP, 5 MP',24),(109,'\nCamera trước','32 MP',24),(110,'RAM','8 GB',24),(111,'Bộ nhớ trong','128 GB',24),(112,'Chip xử lý','Snapdra n 750G 5G 8 nhân',24),(113,'SIM','2 Nano SIM',24),(114,'Loại pin','Li-Ion',24),(115,'Dung lượng pin','4500 mAh',24),(116,'Hỗ trợ sạc tối đa','25 W',24),(117,'Màn hình','Dynamic AMOLED 2X',25),(118,'Hệ điều hành','Android 11',25),(120,'Camera sau','2 camera 12 MP',25),(121,'Camera trước','10 MP',25),(122,'RAM','8 GB',25),(123,'Bộ nhớ trong','128 GB',25),(124,'SIM','1 Nano SIM & 1 eSIM',25),(125,'Loại pin','Li-Ion',25),(126,'Dung lượng pin','3300 mAh',25),(128,'Hỗ trợ sạc tối đa','15 W',25),(129,'Màn hình','\nChính: Dynamic AMOLED, Phụ: Super AMOLED',26),(130,'Hệ điều hành','Android 10',26),(131,'Camera trước','Trong 10 MP & N ài 10 MP',26),(132,'Camera sau','3 camera 12 MP',26),(133,'\nRAM','12 GB',26),(134,'Bộ nhớ trong','256 GB',26),(135,'Chip xử lý','\nSnapdra n 865+ 8 nhân',26),(136,'SIM','1 Nano SIM & 1 eSIM',26),(138,'Loại pin','Li-Po',26),(139,'Hỗ trợ sạc tối đa','\n25 W',26),(140,'Màn hình\n','Dynamic AMOLED 2X',27),(141,'Hệ điều hành','Android 11',27),(142,'Camera sau','Chính 12 MP & Phụ 64 MP, 12 MP',27),(143,'Camera trước','10 MP',27),(144,'RAM','8 GB',27),(145,'Bộ nhớ trong','128 GB',27),(146,'SIM','\n2 Nano SIM hoặc 1 Nano SIM + 1 eSIM',27),(147,'Loại pin','Li-Ion',27),(148,'Hỗ trợ sạc tối đa','25 W',27),(149,'Màn hình','IPS LCD',28),(150,'Hệ điều hành','Android 11',28),(151,'Camera trước','5 MP',28),(152,'Camera sau','Chính 13 MP & Phụ 2 MP, 2 MP',28),(153,'RAM','4 GB',28),(154,'Bộ nhớ trong','64 GB',28),(155,'Chip xử lý','Spreadtrum T610 8 nhân',28),(156,'SIM','\n2 Nano SIM',28),(157,'Loại pin','Li-Po',28),(158,'Hỗ trợ sạc tối đa','10 W',28),(159,'Chip xử lý','Exynos 2100 8 nhân',27),(160,'Màn hình','IPS LCD',31),(161,'Hệ điều hành','\nAndroid 11',31),(162,'Camera sau','\nChính 48 MP & Phụ 2 MP, 2 MP',31),(163,'Camera trước','8 MP',31),(164,'RAM','4 GB',31),(165,'Bộ nhớ trong','128 GB',31),(166,'Chip xử lý','MediaTek Helio G85 8 nhân',31),(167,'SIM','2 Nano SIM',31),(168,'Loại pin','Li-Po',31),(169,'Hỗ trợ sạc tối đa','18 W',31),(170,'Màn hình','Super AMOLED',34),(171,'Hệ điều hành','Android 11',34),(172,'Camera trước','16 MP',34),(173,'Camera sau','Chính 108 MP & Phụ 8 MP, 2 MP, 2 MP',34),(175,'RAM','8 GB',34),(176,'Bộ nhớ trong','128 GB',34),(178,'Chip xử lý','Snapdra n 720G 8 nhân',34),(179,'SIM','2 Nano SIM',34),(180,'Loại pin','Li-Po',34),(181,'Hỗ trợ sạc tối đa','50 W',34),(182,'Màn hình','Super AMOLED',35),(183,'Hệ điều hành','Android 11',35),(184,'Camera trước','16 MP',35),(185,'Camera sau','Chính 108 MP & Phụ 8 MP, 2 MP, 2 MP',35),(186,'\nRAM','8 GB',35),(187,'Bộ nhớ trong','128 GB',35),(188,'Chip xử lý ','Snapdra n 720G 8 nhân',35),(189,'SIM','2 Nano SIM',35),(190,'Loại pin','\nLi-Po',35),(191,'Hỗ trợ sạc tối đa','50 W',35),(192,'Màn hình','\nSuper AMOLED',37),(193,'\nHệ điều hành','Android 11',37),(194,'Camera trước','16 MP',37),(195,'Camera sau','Chính 64 MP & Phụ 8 MP, 2 MP, 2 MP',37),(196,'RAM','8 GB',37),(197,'Bộ nhớ trong','128 GB',37),(198,'Chip xử lý','MediaTek Helio G95 8 nhân',37),(199,'SIM','\n2 Nano SIM',37),(200,'Loại pin','Li-Po',37),(201,'Hỗ trợ sạc tối đa','30 W',37),(202,'Màn hình','IPS LCD',38),(203,'Hệ điều hành','Android 10',38),(205,'Camera trước','8 MP',38),(206,'Camera sau','Chính 13 MP & Phụ 2 MP',38),(207,'RAM','4 GB',38),(208,'Bộ nhớ trong','128 GB',38),(210,'Chip xử lý','\nMediaTek Helio P35 8 nhân',38),(211,'SIM','2 Nano SIM',38),(212,'Loại pin','Li-Po',38),(213,'Hỗ trợ sạc tối đa','10 W',38),(224,'Màn hình','AMOLED',41),(225,'Hệ điều hành','Android 11',41),(227,'Camera trước','44 MP',41),(228,'Camera sau','Chính 64 MP & Phụ 8 MP, 2 MP',41),(229,'RAM','8 GB',41),(230,'Bộ nhớ trong','128 GB',41),(231,'Chip xử lý','MediaTek Dimensity 800U 5G 8 nhân',41),(232,'SIM','2 Nano SIM',41),(233,'Loại pin','Li-Po',41),(234,'Hỗ trợ sạc tối đa','33 W',41),(235,'Màn hình','AMOLED',42),(236,'Hệ điều hành','Android 11',42),(237,'Camera trước','44 MP',42),(238,'Camera sau','Chính 64 MP & Phụ 8 MP, 2 MP',42),(239,'RAM','8 GB',42),(240,'Bộ nhớ trong','128 GB',42),(241,'Chip xử lý ','Snapdra n 730 8 nhân',42),(242,'SIM','2 Nano SIM',42),(243,'Loại pin','Li-Po',42),(244,'Hỗ trợ sạc tối đa','\n33 W',42),(245,'Màn hình','AMOLED',44),(246,'Hệ điều hành','Android 11',44),(247,'Camera trước','44 MP',44),(248,'Camera sau','Chính 64 MP & Phụ 8 MP, 2 MP',44),(249,'RAM','8 GB',44),(250,'Bộ nhớ trong','128 GB',44),(251,'Chip xử lý','Snapdra n 720G 8 nhân',44),(252,'SIM','\n2 Nano SIM',44),(253,'Loại pin','Li-Po',44),(254,'Hỗ trợ sạc tối đa','33 W',44),(255,'Màn hình','IPS LCD',45),(256,'Hệ điều hành','Android 11',45),(257,'Camera trước','8 MP',45),(258,'Camera sau\n','Chính 13 MP & Phụ 2 MP, 2 MP',45),(259,'RAM','4 GB',45),(261,'Bộ nhớ trong','64 GB',45),(262,'Chip xử lý ','MediaTek Helio G35 8 nhân',45),(263,'SIM','2 Nano SIM',45),(264,'Loại pin','Li-Po',45),(265,'Hỗ trợ sạc tối đa','15 W',45),(266,'Màn hình','AMOLED',46),(267,'Hệ điều hành','Android 10',46),(268,'Camera trước','20 MP',46),(269,'Camera sau','Chính 64 MP & Phụ 8 MP, 8 MP, 2 MP',46),(270,'RAM','8 GB',46),(271,'Bộ nhớ trong','128 GB',46),(272,'Chip xử lý ','Snapdra n 730 8 nhân',46),(273,'SIM','2 Nano SIM',46),(274,'Loại pin','Li-Po',46),(276,'Hỗ trợ sạc tối đa','18 W',46),(277,'Màn hình','AMOLED',47),(278,'Hệ điều hành','Android 10',47),(279,'Camera trước','20 MP',47),(280,'Camera sau','Chính 64 MP & Phụ 8 MP, 8 MP, 2 MP',47),(281,'RAM','8 GB',47),(282,'Bộ nhớ trong','128 GB',47),(283,'Chip xử lý','Snapdra n 730 8 nhân',47),(284,'SIM','2 Nano SIM',47),(285,'Loại pin','Li-Po',47),(286,'Hỗ trợ sạc tối đa','18 W',47),(287,'Màn hình','LTPS IPS LCD',48),(288,'\nHệ điều hành','Android 10',48),(289,'Camera trước','13 MP',48),(290,'Camera sau','Chính 16 MP & Phụ 8 MP, 2 MP, 2 MP',48),(291,'RAM','4 GB',48),(292,'Bộ nhớ trong','64 GB',48),(293,'Chip xử lý ','Snapdra n 665 8 nhân',48),(294,'SIM','2 Nano SIM',48),(295,'Loại pin','Li-Po',48),(296,'Hỗ trợ sạc tối đa','18 W',48),(297,'Màn hình','LTPS IPS LCD',50),(298,'Hệ điều hành','Android 10',50),(299,'Camera trước','13 MP',50),(300,'Camera sau','Chính 16 MP & Phụ 8 MP, 2 MP, 2 MP',50),(301,'Chip xử lý','\nSnapdra n 665 8 nhân',50),(302,'SIM','2 Nano SIM',50),(303,'Loại pin','Li-Po',50),(304,'Hỗ trợ sạc tối đa','18 W',50),(305,'Màn hình','\nAMOLED',52),(306,'Hệ điều hành','Android 11',52),(307,'Camera trước','16 MP',52),(308,'Camera sau','Chính 64 MP & Phụ 8 MP, 5 MP',52),(309,'RAM','8 GB',52),(310,'Bộ nhớ trong','128 GB',52),(311,'Chip xử lý ','Snapdra n 732G 8 nhân',52),(312,'SIM','2 Nano SIM (SIM 2 chung khe thẻ nhớ)',52),(313,'Loại pin','Li-Po',52),(314,'Hỗ trợ sạc tối đa','33 W',52),(315,'Màn hình','IPS LCD',54),(316,'Hệ điều hành','Android 11',54),(317,'Camera trước','8 MP',54),(318,'Camera sau','Chính 48 MP & Phụ 2 MP, 2 MP',54),(319,'Chip xử lý','MediaTek Dimensity 700 5G 8 nhân',54),(320,'SIM','2 Nano SIM',54),(321,'Loại pin','Li-Po',54),(322,'Hỗ trợ sạc tối đa','18 W',54),(323,'RAM','8 GB',54),(325,'Bộ nhớ trong','128 GB',54),(326,'Màn hình','AMOLED',55),(327,'Hệ điều hành','Android 11',55),(328,'Camera trước','20 MP',55),(329,'Camera sau','Chính 108 MP & Phụ 13 MP, 5 MP',55),(330,'RAM','8 GB',55),(331,'Bộ nhớ trong','256 GB',55),(332,'Chip xử lý','Snapdra n 888 8 nhân',55),(333,'SIM','2 Nano SIM',55),(334,'Loại pin','Li-Ion',55),(335,'Hỗ trợ sạc tối đa','55 W',55),(336,'Màn hình','IPS LCD',56),(337,'Hệ điều hành','Android 10',56),(338,'Camera trước','20 MP',56),(339,'Camera sau','Chính 108 MP & Phụ 13 MP, 5 MP',56),(340,'RAM','8 GB',56),(341,'Bộ nhớ trong','256 GB',56),(342,'Chip xử lý','Snapdra n 865 8 nhân',56),(343,'SIM','2 Nano SIM',56),(344,'Loại pin','Li-Ion',56),(345,'Hỗ trợ sạc tối đa','33 W',56),(346,'Màn hình','AMOLED',57),(347,'Hệ điều hành','Android 11',57),(348,'Camera trước','16 MP',57),(349,'Camera sau','Chính 108 MP & Phụ 8 MP, 5 MP, 2 MP',57),(350,'RAM','8 GB',57),(351,'Bộ nhớ trong','128 GB',57),(352,'Chip xử lý ','\nSnapdra n 732G 8 nhân',57),(353,'SIM','2 Nano SIM',57),(354,'Loại pin','Li-Ion',57),(355,'Hỗ trợ sạc tối đa','33 W',57),(356,'Màn hình','AMOLED',58),(357,'Hệ điều hành','Android 11',58),(358,'Camera trước','32 MP',58),(359,'Camera sau','Chính 64 MP & Phụ 8 MP, 2 MP',58),(360,'RAM','8 GB',58),(361,'Bộ nhớ trong','128 GB',58),(362,'Chip xử lý','MediaTek Dimensity 800U 5G 8 nhân',58),(363,'SIM','2 Nano SIM',58),(364,'Loại pin','Li-Po',58),(365,'Hỗ trợ sạc tối đa','30 W',58),(366,'Màn hình','AMOLED',59),(367,'Hệ điều hành','Android 11',59),(368,'Camera trước','32 MP',59),(369,'Camera sau','Chính 64 MP & Phụ 8 MP, 2 MP',59),(371,'RAM','8 GB',59),(372,'Bộ nhớ trong','128 GB',59),(373,'Chip xử lý','MediaTek Dimensity 900 5G',59),(374,'SIM','2 Nano SIM',59),(375,'Loại pin','Li-Po',59),(376,'Hỗ trợ sạc tối đa','65 W',59),(377,'Màn hình','AMOLED',60),(378,'Hệ điều hành','Android 11',60),(379,'Camera trước','16 MP',60),(380,'Camera sau','Chính 48 MP & Phụ 2 MP, 2 MP',60),(381,'RAM','8 GB',60),(382,'Bộ nhớ trong','128 GB',60),(383,'Chip xử lý','Snapdra n 662 8 nhân',60),(384,'SIM','2 Nano SIM',60),(385,'Loại pin','Li-Po',60),(386,'Hỗ trợ sạc tối đa','33 W',60),(387,'Màn hình\n','AMOLED',61),(388,'Hệ điều hành','Android 11',61),(389,'Camera trước','32 MP',61),(391,'Camera sau','Chính 50 MP & Phụ 50 MP, 13 MP, 3 MP',61),(392,'RAM','12 GB',61),(393,'Bộ nhớ trong','256 GB',61),(394,'Chip xử lý','Snapdra n 888 8 nhân',61),(395,'SIM','2 Nano SIM',61),(396,'Loại pin','Li-Po',61),(397,'Hỗ trợ sạc tối đa','65 W',61),(398,'Màn hình','AMOLED',62),(399,'Hệ điều hành','Android 11',62),(402,'Camera trước','32 MP',62),(403,'Camera sau','Chính 64 MP & Phụ 8 MP, 2 MP, 2 MP',62),(404,'RAM','8 GB',62),(405,'Bộ nhớ trong','128 GB',62),(406,'Chip xử lý','Snapdra n 765G 8 nhân',62),(407,'SIM','\n2 Nano SIM',62),(408,'Loại pin','Li-Po',62),(409,'Hỗ trợ sạc tối đa','65 W',62),(410,'Màn hình','OLED 1.65 inch',63),(411,'Thời lượng pin','Khoảng 1.5 ngày',63),(412,'Kết nối với hệ điều hành','iOS 13 trở lên',63),(413,'Mặt','Ion-X strengthened glass42 mm',63),(416,'Tính năng cho sức khỏe','Chế độ luyện tập, Tính lượng calories tiêu thụ',63),(417,'Hãng','Apple',63),(418,'Màn hình','OLED 1.78 inch',64),(419,'Thời lượng pin','Khoảng 1.5 ngày',64),(420,'Kết nối với hệ điều hành','iOS 13 trở lên',64),(421,'Mặt','Kính cường lực Sapphire 44 mm',64),(422,'Tính năng cho sức khỏe','Chế độ luyện tập, Tính lượng calories tiêu thụ',64),(423,'Hãng','Apple',64),(424,'Màn hình','OLED 1.57 inch',65),(425,'Thời lượng pin','Khoảng 1.5 ngày',65),(426,'Kết nối với hệ điều hành','iOS 14 trở lên',65),(427,'Mặt','Ion-X strengthened glass 40 mm',65),(428,'Tính năng cho sức khỏe','Chế độ luyện tập, Theo dõi giấc ngủ',65),(429,'Hãng','Apple',65),(430,'Màn hình','OLED 1.78 inch',66),(431,'Thời lượng pin','Khoảng 1.5 ngày',66),(432,'Kết nối với hệ điều hành','iOS 14 trở lên',66),(433,'Mặt','Kính cường lực Sapphire 44 mm',66),(434,'Tính năng cho sức khỏe','Chế độ luyện tập, Theo dõi giấc ngủ',66),(435,'Hãng','Apple',66),(436,'Màn hình','OLED 1.57 inch',67),(437,'Thời lượng pin','Khoảng 1.5 ngày',67),(438,'Kết nối với hệ điều hành','iOS 14 trở lên',67),(439,'Mặt',' Ion-X strengthened glass 40 mm',67),(440,'Tính năng cho sức khỏe','Chế độ luyện tập, Theo dõi giấc ngủ',67),(441,'Hãng','Apple',67),(442,'Màn hình','OLED 1.57 inch',68),(443,'Thời lượng pin','Khoảng 1.5 ngày',68),(444,'Kết nối với hệ điều hành','iOS 14 trở lên',68),(445,'Mặt','Ion-X strengthened glass 40 mm',68),(446,'Tính năng cho sức khỏe','Chế độ luyện tập, Theo dõi giấc ngủ',68),(447,'Hãng','Apple',68),(468,'Màn hình','Khoảng 10 ngày',69),(473,'Hệ điều hành','Android 11',39),(474,'Camera trước','16 MP',39),(475,'Camera sau','Chính 64 MP & Phụ 2 MP, 2 MP',39),(476,'RAM','8 GB',39),(477,'Bộ nhớ trong','128 GB',39),(478,'Chip xử lý ','MediaTek Helio G80 8 nhân',39),(479,'SIM','2 Nano SIM',39),(480,'Loại pin','Li-Po',39),(481,'Hỗ trợ sạc tối đa','33 W',39),(482,'Màn hình','IPS LCD',39),(483,'Thời lượng pin','Khoảng 10 ngày',69),(484,'Kết nối với hệ điều hành','Android 5.0 trở lên, iOS 11 trở lên',69),(485,'Mặt','Mặt kính nhựa 45 mm',69),(486,'Tính năng cho sức khỏe','Nhắc nhở ít vận động, Theo dõi nhịp tim 24h',69),(488,'Hãng','BeU',69),(489,'Màn hình','IPS 1.3 inch',70),(490,'Thời lượng pin','Khoảng 5 ngày',70),(491,'Kết nối với hệ điều hành','Android 5.0 trở lên, iOS 11 trở lên',70),(492,'Mặt','Mặt kính nhựa50 mm',70),(493,'Tính năng cho sức khỏe','Chế độ luyện tập, Theo dõi giấc ngủ,',70),(494,'Hãng','BeU',70),(495,'Màn hình','IPS 1.4 inch',72),(496,'Thời lượng pin','Khoảng 7 ngày',72),(497,'Kết nối với hệ điều hành','Android 5.0 trở lên, iOS 11 trở lên',72),(498,'Mặt','Mặt kính nhựa 51 mm',72),(499,'Tính năng cho sức khỏe','Chế độ luyện tập, Theo dõi giấc ngủ',72),(500,'Hãng','BeU',72),(501,'Màn hình','IPS 1.32 inch',73),(502,'Thời lượng pin','Khoảng 10 ngày',73),(503,'Kết nối với hệ điều hành','Android 5.0 trở lên, iOS 11 trở lên',73),(504,'Mặt','Mặt kính nhựa 46 mm',73),(505,'Tính năng cho sức khỏe','Nhắc nhở ít vận động, Theo dõi nhịp tim 24h',73),(506,'Hãng','BeU',73),(507,'Màn hình','TFT 1.2 inch',74),(508,'Thời lượng pin','Khoảng 12 ngày',74),(509,'Kết nối với hệ điều hành','Android 5.0 trở lên, iOS 9 trở lên',74),(510,'Mặt','Mặt kính nhựa 55.5 mm',74),(511,'Tính năng cho sức khỏe','Chế độ luyện tập, Theo dõi giấc ngủ',74),(512,'Hãng','BeU',74),(513,'Màn hình','IPS 1.54 inch',75),(514,'Thời lượng pin','Khoảng 7 ngày',75),(515,'Kết nối với hệ điều hành','Android 5.0 trở lên, iOS 11 trở lên',75),(516,'Mặt','Mặt kính nhựa53 mm',75),(518,'Tính năng cho sức khỏe','Chế độ luyện tập, Theo dõi giấc ngủ',75),(519,'Hãng','BeU',75),(520,'Màn hình','MIP 1.4 inch',76),(521,'Thời lượng pin','Khoảng 50 ngày, Khoảng 70 giờ khi sử dụng GPS',76),(523,'Kết nối với hệ điều hành','Android, iOS',76),(524,'Mặt','Kính cường lực 51 mm',76),(525,'Tính năng cho sức khỏe','Chế độ luyện tập, Theo dõi chu kì kinh nguyệt',76),(526,'Hãng','Garmin',76),(527,'Màn hình','MIP 1.3 inch',77),(528,'Thời lượng pin','Khoảng 16 ngày, Khoảng 40 giờ khi sử dụng GPS',77),(529,'Kết nối với hệ điều hành','Android, iOS',77),(530,'Mặt','Kính cường lực  rilla Glass 347 mm',77),(531,'Tính năng cho sức khỏe','Chế độ luyện tập, Theo dõi giấc ngủ',77),(532,'Hãng','Garmin',77),(533,'Màn hình','MIP 1.3 inch',78),(534,'Thời lượng pin',' Khoảng 13 ngày, Khoảng 36 giờ khi sử dụng GPS',78),(535,'Kết nối với hệ điều hành','Android, iOS',78),(536,'Mặt','Kính cường lực  rilla Glass 347 mm',78),(537,'Tính năng cho sức khỏe',' Chế độ luyện tập, Theo dõi chu kì kinh nguyệt',78),(538,'Hãng','Garmin',78),(539,'Màn hình','MIP 1.3 inch',79),(540,'Thời lượng pin','Khoảng 21 ngày, Khoảng 60 giờ khi sử dụng GPS',79),(541,'Kết nối với hệ điều hành','Android, iOS',79),(542,'Mặt','Kính Sapphire 51 mm',79),(543,'Tính năng cho sức khỏe','Chế độ luyện tập, Theo dõi chu kì kinh nguyệt',79),(544,'Hãng','Garmin',79),(545,'Màn hình','MIP 1.2 inch',80),(547,'Thời lượng pin','Khoảng 10 giờ khi sử dụng GPS và Âm Nhạc',80),(548,'Kết nối với hệ điều hành','Android, iOS',80),(549,'Mặt','Kính cường lực  rilla Glass 347 mm',80),(550,'Tính năng cho sức khỏe','Chế độ luyện tập, Theo dõi chu kì kinh nguyệt',80),(551,'Hãng','Garmin',80),(552,'Màn hình','LCD 1 inch',81),(553,'Thời lượng pin','Khoảng 5 ngày',81),(554,'Kết nối với hệ điều hành','Android, iOS',81),(555,'Mặt','Kính cường lực  rilla Glass 335 mm',81),(556,'Tính năng cho sức khỏe','Theo dõi giấc ngủ, Đo nhịp tim',81),(557,'Hãng','Garmin',81),(558,'Màn hình','TFT 1.3 inch',82),(559,'Thời lượng pin','Khoảng 1 ngày, Khoảng 12 tiếng (sử dụng liên tục)',82),(560,'Mặt','Mặt kính nhựa 33 mm',82),(561,'Dây','Silicone',82),(562,'Kết nối',' Android 4.3 trở lên, iOS 10 trở lên',82),(563,'Ngôn ngữ','Tiếng Việt',82),(564,'Tiện ích','Báo thức, Có nghe gọi, Cài đặt vùng an toàn',82),(565,'Hãng','Kidcare',82),(566,'Màn hình','TFT 1.3 inch',83),(567,'Thời lượng pin','Khoảng 1 ngày, Khoảng 12 tiếng (sử dụng liên tục)',83),(568,'Mặt','Mặt kính nhựa 33 mm',83),(569,'Kết nối','Android 4.3 trở lên, iOS 10 trở lên',83),(570,'Tiện ích khác','Chụp ảnh, Có nghe gọi, Định vị trẻ em',83),(571,'Hãng','Kidcare',83),(572,'Màn hình','TFT 1.44 inch',84),(574,'Thời lượng pin',' Khoảng 1.5 ngày, Khoảng 12 tiếng',84),(575,'Mặt','Mặt kính nhựa 36 mm',84),(576,'Kết nối','Android 4.3 trở lên, iOS 10 trở lên',84),(578,'Tiện ích khác','Cuộc gọi khẩn cấp SOS, Chụp ảnh',84),(579,'Hãng','Kidcare',84),(580,'Màn hình','TFT 1.3 inch',85),(581,'Thời lượng pin','Khoảng 1.5 ngày, Khoảng 12 tiếng',85),(582,'Kết nối với hệ điều hành','Android 4.3 trở lên, iOS 10 trở lên',85),(583,'Mặt','Kính cường lực 41.5 mm',85),(584,'Tính năng cho sức khỏe','Đếm số bước chân',85),(585,'Hãng','Kidcare',85),(586,'Màn hình','TFT 1.3 inch',86),(587,'Thời lượng pin','Khoảng 1.5 ngày, Khoảng 12 tiếng',86),(588,'Kết nối với hệ điều hành','Android 4.3 trở lên, iOS 10 trở lên',86),(589,'Mặt','Kính cường lực 41.5 mm',86),(590,'Tính năng cho sức khỏe','Tính năng cho sức khỏe',86),(591,'Hãng','Kidcare',86),(592,'Màn hình','TFT 1.4 inch',87),(593,'Kết nối với hệ điều hành','Android 4.3 trở lên, iOS 10 trở lên',87),(594,'Mặt','Kính cường lực 43.4 mm',87),(595,'Tính năng cho sức khỏe','Đếm số bước chân',87),(597,'Hãng','Kidcare',87),(598,'Màn hình','AMOLED 1.1 inch',88),(599,'Thời lượng pin','Khoảng 12 ngày',88),(600,'Kết nối với hệ điều hành','Android 6.0 trở lên, iOS 10 trở lên',88),(601,'Tính năng cho sức khỏe','Theo dõi giấc ngủ, Đo nhịp tim',88),(602,'Tiện ích','Từ chối cuộc gọi, Điều khiển chơi nhạc',88),(603,'Màn hình','AMOLED 1.6 inch',89),(604,'Thời lượng pin','Khoảng 14 ngày',89),(605,'Kết nối với hệ điều hành','Android 6.0 trở lên, iOS 12 trở lên',89),(606,'Mặt','Kính cường lực 41 mm',89),(607,'Tính năng cho sức khỏe','Chế độ luyện tập, Theo dõi giấc ngủ',89),(608,'Màn hình','AMOLED 1.6 inch',90),(609,'Thời lượng pin','Khoảng 14 ngày',90),(610,'Kết nối với hệ điều hành','Android 6.0 trở lên, iOS 12 trở lên',90),(611,'Mặt','Kính cường lực 41 mm',90),(612,'Tính năng cho sức khỏe','Chế độ luyện tập, Theo dõi giấc ngủ',90),(614,'Hãng','Oppo Watch 46mm',91),(615,'Màn hình','AMOLED 1.91 inch',91),(616,'Thời lượng pin','Khoảng 21 ngày',91),(617,'Kết nối với hệ điều hành','Android 6.0 trở lên, iOS 12 trở lên',91),(618,'Mặt','Kính cường lực 46 mm',91),(619,'Tính năng cho sức khỏe','Chế độ luyện tập, Theo dõi giấc ngủ',91),(620,'Hãng','Watch 46mm',92),(621,'Màn hình','AMOLED 1.91 inch',92),(622,'Thời lượng pin','Khoảng 21 ngày',92),(623,'Kết nối với hệ điều hành','Android 6.0 trở lên, iOS 12 trở lên',92),(624,'Mặt','Kính cường lực 46 mm',92),(625,'Tính năng cho sức khỏe','Chế độ luyện tập, Theo dõi giấc ngủ',92),(626,'Màn hình','AMOLED 1.91 inch',93),(627,'Thời lượng pin','Khoảng 21 ngày',93),(628,'Kết nối với hệ điều hành','Android 6.0 trở lên, iOS 12 trở lên',93),(629,'Mặt','Kính cường lực 46 mm',93),(631,'Tính năng cho sức khỏe','Chế độ luyện tập, Theo dõi giấc ngủ',93),(632,'Màn hình','SUPER AMOLED 1.4 inch',95),(633,'Thời lượng pin','Khoảng 2 ngày',95),(634,'Kết nối với hệ điều hành','Android 5.0 trở lên, iOS 9 trở lên',95),(635,'Mặt','Kính cường lực  rrilla Glass Dx+ 45 mm',95),(636,'Tính năng cho sức khỏe','Chế độ luyện tập, Theo dõi giấc ngủ',95),(637,'Hãng','Samsung',95),(638,'Màn hình','SUPER AMOLED 1.4 inch',95),(640,'Màn hình','SUPER AMOLED 1.4 inch',97),(641,'Thời lượng pin','Khoảng 2 ngày',97),(642,'Kết nối với hệ điều hành','Android 5.0 trở lên, iOS 9 trở lên',97),(643,'Mặt','Kính cường lực  rrilla Glass Dx+ 45 mm',97),(644,'Tính năng cho sức khỏe','Chế độ luyện tập, Theo dõi giấc ngủ',97),(645,'Hãng','Samsung',97),(646,'Màn hình','SUPER AMOLED 1.4 inch',98),(647,'Thời lượng pin','Khoảng 2 ngày',98),(648,'Kết nối với hệ điều hành','Android 5.0 trở lên, iOS 9 trở lên',98),(649,'Mặt','Kính cường lực  rrilla Glass Dx+ 45 mm',98),(650,'Tính năng cho sức khỏe','Chế độ luyện tập, Theo dõi giấc ngủ',98),(651,'Hãng','Samsung',98),(652,'Màn hình','SUPER AMOLED 1.19 inch',99),(653,'Thời lượng pin','Khoảng 1.5 ngày',99),(654,'Kết nối với hệ điều hành','Android dùng  ogle Mobile Service',99),(655,'Mặt','Kính cường lực  rrilla Glass Dx+ 42 mm',99),(656,'Tính năng cho sức khỏe','Chế độ luyện tập, Theo dõi giấc ngủ',99),(657,'Hãng','Samsung',99),(658,'Màn hình','SUPER AMOLED 1.36 inch',100),(659,'Thời lượng pin','Khoảng 1.5 ngày',100),(660,'Kết nối với hệ điều hành','Android dùng  ogle Mobile Service',100),(661,'Mặt','Kính cường lực  rrilla Glass Dx+ 46 mm',100),(662,'Tính năng cho sức khỏe','Chế độ luyện tập, Theo dõi giấc ngủ',100),(663,'Hãng','Samsung',100),(664,'Màn hình','SUPER AMOLED 1.4 inch',101),(665,'Thời lượng pin','Khoảng 1.5 ngày',101),(666,'Kết nối với hệ điều hành','Android 5.0iOS 10 trở lên',101),(667,'Mặt','Kính cường lực  rrilla Glass Dx+ 44 mm',101),(668,'Tính năng cho sức khỏe','Chế độ luyện tập, Theo dõi giấc ngủ',101),(669,'Hãng','Samsung',101),(670,'Màn hình','15.6 inch',102),(671,'RAM','8 GB',102),(672,'Ổ cứng','SSD 512 GB NVMe PCIe',102),(673,'Card màn hình','Card rời - NVIDIA GeForce GTX 1650Ti 4 GB',102),(674,'Cổng giao tiếp','Jack tai nghe 3.5 mm',102),(675,'Kết nối không dây','\nBluetooth 5.0Wi-Fi 6 (802.11ax)',102),(676,'Chất liệu','Vỏ nhựa',102),(677,'Hệ điều hành','Windows 10 Home SL',102),(678,'Màn hình','15.6 inch',103),(680,'RAM','4 GB',103),(681,'Ổ cứng','SSD 256 GB NVMe PCIeHỗ trợ khe cắm HDD SATA',103),(682,'Card màn hình','\nCard tích hợp - Intel UHD Graphics',103),(683,'Cổng giao tiếp','HDMI',103),(684,'Kết nối không dây','\nBluetooth 5.0Wi-Fi 802.11 a/b/g/n/ac',103),(685,'Hệ điều hành','Windows 10 Home SL',103),(686,'Màn hình','14 inch',104),(687,'RAM','16 GB',104),(689,'Ổ cứng','SSD 512 GB NVMe PCIe',104),(690,'Card màn hình','\nCard tích hợp - Intel Iris Xe Graphics',104),(691,'Cổng giao tiếp','Thunderbolt 4 USB-C',104),(692,'Kết nối không dây','Wi-Fi 6 (802.11ax)Bluetooth 5.1',104),(693,'Chất liệu','Vỏ kim loại',104),(694,'Hệ điều hành','\nWindows 10 Home SL',104),(695,'Màn hình','15.6 inch',105),(696,'RAM','8 GB',105),(697,'Ổ cứng','SSD 256 GB NVMe PCIe',105),(698,'Card màn hình','Card rời - NVIDIA GeForce GTX 1650 4 GB',105),(699,'Cổng giao tiếp','Jack tai nghe 3.5 mm',105),(700,'Kết nối không dây','\nBluetooth 5.0Wi-Fi 6 (802.11ax)',105),(701,'Chất liệu','Vỏ nhựa',105),(702,'Hệ điều hành','Windows 10 Home SL',105),(703,'Màn hình','15.6 inch',106),(704,'RAM','8 GB',106),(705,'Ổ cứng','SSD 512 GB NVMe PCIe',106),(706,'Card màn hình','Card rời - NVIDIA GeForce RTX3050Ti, 4 GB',106),(707,'Cổng giao tiếp','Jack tai nghe 3.5 mm',106),(709,'Kết nối không dây','Wi-Fi 6 (802.11ax)Bluetooth 5.1',106),(710,'Chất liệu','Vỏ nhựa',106),(711,'Hệ điều hành','Windows 10 Home SL',106),(713,'Màn hình','15.6 inch',108),(715,'RAM','8 GB',108),(716,'Ổ cứng','SSD 512 GB NVMe PCIe',108),(717,'Card màn hình','Card rời - NVIDIA GeForce GTX 1650 4 GB',108),(718,'Cổng giao tiếp','Jack tai nghe 3.5 mm',108),(719,'Kết nối không dây','\nBluetooth 5.0Wi-Fi 6 (802.11ax)',108),(720,'Chất liệu','Vỏ nhựa - nắp lưng bằng kim loại',108),(721,'Hệ điều hành','Windows 10 Home SL',108),(722,'Màn hình','15.6 inch',109),(723,'RAM','8 GB',109),(724,'Ổ cứng','SSD 512 GB NVMe PCIeHỗ trợ khe cắm HDD SATA',109),(725,'Card màn hình','Card tích hợp - Intel UHD Graphics',109),(726,'Cổng giao tiếp','Jack tai nghe 3.5 mm',109),(727,'Kết nối không dây','Bluetooth 5.0Wi-Fi 6 (802.11ax)',109),(728,'Chất liệu','\nVỏ nhựa - nắp lưng bằng kim loại',109),(729,'Hệ điều hành','Windows 10 Home SL',109),(730,'Màn hình','13.3 inch',110),(731,'RAM','16 GB',110),(732,'Ổ cứng','SSD 1 TB M.2 PCIe',110),(733,'Card màn hình','Card tích hợp - Intel Iris Xe Graphics',110),(734,'Cổng giao tiếp','2 x Thunderbolt 4 USB-C',110),(735,'Kết nối không dây','Bluetooth 5.0Wi-Fi 6 (802.11ax)',110),(736,'Chất liệu','Vỏ kim loại nguyên khối',110),(738,'Hệ điều hành','Windows 10 Home SL + Office Home',110),(739,'Màn hình','15.6 inch',111),(740,'RAM','16 GB',111),(741,'Ổ cứng','\nSSD 512 GB NVMe PCIe',111),(742,'Card màn hình','Card rời - NVIDIA GeForce RTX 3060, 6 GB',111),(743,'Cổng giao tiếp','Jack tai nghe 3.5 mm',111),(744,'Kết nối không dây','\nWi-Fi 6 (802.11ax)Bluetooth 5.1',111),(745,'Chất liệu','Vỏ nhựa - nắp lưng bằng kim loại',111),(746,'Hệ điều hành','Windows 10 Home SL',111),(747,'Màn hình','15.6 inch',112),(748,'RAM','8 GB',112),(749,'Ổ cứng','\nSSD 512 GB NVMe PCIeHỗ trợ khe cắm HDD SATA',112),(750,'Card màn hình','Card rời - NVIDIA GeForce MX330, 2 GB',112),(751,'\nCổng giao tiếp','Jack tai nghe 3.5 mm',112),(752,'Kết nối không dây','Bluetooth 5.0Wi-Fi 6 (802.11ax)',112),(753,'Chất liệu','Vỏ nhựa - nắp lưng bằng kim loại',112),(754,'Hệ điều hành','Windows 10 Home SL',112),(755,'Màn hình','15.6 inch',113),(756,'RAM','16 GB',113),(758,'Ổ cứng','SSD 512 GB NVMe PCIe',113),(759,'Card màn hình','Card rời - NVIDIA GeForce GTX 1660Ti, 6 GB',113),(760,'Cổng giao tiếp','Jack tai nghe 3.5 mm',113),(761,'Kết nối không dây','Bluetooth 5.0Wi-Fi 6 (802.11ax)',113),(762,'Chất liệu','Vỏ nhựa',113),(763,'Hệ điều hành','Windows 10 Home SL',113),(764,'\nMàn hình','15.6 inch',114),(765,'RAM','16 GB',114),(766,'Ổ cứng','\nSSD 256 GB NVMe PCIe',114),(767,'Card màn hình','\nCard rời - NVIDIA GeForce GTX 1650Ti 4 GB',114),(768,'Cổng giao tiếp','Jack tai nghe 3.5 mm',114),(769,'Kết nối không dây','\nBluetooth 5.0Wi-Fi 802.11 a/b/g/n/ac',114),(770,'Chất liệu','Vỏ nhựa',114),(771,'Hệ điều hành','Windows 10 Home SL',114),(772,'Màn hình','13.4 inch',115),(773,'RAM','8 GB',115),(774,'Ổ cứng','SSD 256 GB NVMe PCIe',115),(775,'Card màn hình','Card tích hợp - Intel Iris Xe Graphics',115),(776,'Cổng giao tiếp','Jack tai nghe 3.5 mm2 x Thunderbolt 4 USB-C',115),(777,'Kết nối không dây','Wi-Fi 6 (802.11ax)Bluetooth 5.1',115),(778,'Chất liệu','Vỏ kim loại nguyên khối',115),(779,'Hệ điều hành','\nWindows 10 Home SL',115),(780,'Màn hình','\n15.6 inch',116),(781,'RAM','8 GB',116),(782,'Ổ cứng','SSD 512 GB NVMe PCIe',116),(783,'Card màn hình','\nCard rời - NVIDIA GeForce GTX 1660Ti, 6 GB',116),(784,'Cổng giao tiếp','Jack tai nghe 3.5 mm',116),(785,'Kết nối không dây','Bluetooth 5.0Wi-Fi 6 (802.11ax)',116),(786,'Chất liệu','Vỏ nhựa',116),(787,'Hệ điều hành','Windows 10 Home SL',116),(788,'\nMàn hình','15.6 inch',117),(789,'RAM','8 GB',117),(790,'Ổ cứng','SSD 512 GB NVMe PCIe',117),(791,'Card màn hình','Card rời - NVIDIA GeForce GTX 1650Ti 4 GB',117),(792,'Cổng giao tiếp','Jack tai nghe 3.5 mm',117),(793,'Kết nối không dây','Wi-Fi 6 (802.11ax)Bluetooth 5.1',117),(794,'Chất liệu','Vỏ kim loại',117),(795,'Hệ điều hành','Windows 10 Home SL',117),(796,'Màn hình','15.6 inch',118),(797,'RAM','8 GB',118),(798,'Ổ cứng','SSD 512 GB NVMe PCIe',118),(799,'Card màn hình','Card tích hợp - Intel Iris Xe Graphics',118),(800,'Cổng giao tiếp','2 x USB 3.1',118),(801,'Kết nối không dây','Bluetooth 5.0Wi-Fi 802.11 a/b/g/n/ac',118),(802,'Chất liệu','Nắp lưng và chiếu nghỉ tay bằng kim loại',118),(803,'Hệ điều hành','Windows 10 Home SL',118),(805,'Màn hình','15.6 inch',119),(806,'RAM','8 GB',119),(807,'Ổ cứng','SSD 512 GB NVMe PCIe',119),(808,'Card màn hình','Card tích hợp - Intel Iris Xe Graphics',119),(809,'Cổng giao tiếp','Jack tai nghe 3.5 mm',119),(810,'Kết nối không dây','Bluetooth 5.0Wi-Fi 802.11 a/b/g/n/ac',119),(811,'Chất liệu','Vỏ nhựa',119),(812,'Hệ điều hành','Windows 10 Home SL',119),(813,'Màn hình','15.6 inch',120),(814,'RAM','16 GB',120),(815,'Ổ cứng','SSD 1 TB M.2 PCIe',120),(818,'\nCard màn hình','Card rời - NVIDIA GeForce RTX2070',120),(819,'Cổng giao tiếp','Jack tai nghe 3.5 mm',120),(820,'Kết nối không dây','Bluetooth 5.0Wi-Fi 6 (802.11ax)',120),(821,'Chất liệu','Kim loại và polycarbonate',120),(822,'Hệ điều hành','\nWindows 10 Home SL + Office Home',120),(823,'Màn hình','14 inch',121),(824,'RAM','16 GB',121),(825,'Ổ cứng','SSD 512 GB NVMe PCIe',121),(826,'Card màn hình','Card tích hợp - Intel Iris Xe Graphics',121),(827,'Cổng giao tiếp','\nJack tai nghe 3.5 mm',121),(828,'Kết nối không dây','Bluetooth 5.0Wi-Fi 6 (802.11ax)',121),(829,'Chất liệu','Vỏ kim loại nguyên khối',121),(830,'Hệ điều hành','Windows 10 Pro',121),(831,'Màn hình','13.3 inch',122),(832,'RAM','8 GB',122),(833,'Ổ cứng','SSD 512 GB NVMe PCIe',122),(834,'Card màn hình','\nCard tích hợp - Intel Iris Xe Graphics',122),(835,'Cổng giao tiếp','\nThunderbolt 4 USB-C2 x USB 3.1',122),(836,'Kết nối không dây','Bluetooth 5.0Wi-Fi 6 (802.11ax)',122),(837,'Chất liệu','Vỏ kim loại nguyên khối',122),(838,'Hệ điều hành','Windows 10 Home SL + Office Home',122),(839,'Màn hình','13.3 inch',1010),(840,'RAM','8 GB',1010),(841,'Ổ cứng','SSD 256 GB',1010),(842,'Card màn hình','Card tích hợp - 8 nhân GPU',1010),(843,'Cổng giao tiếp','Jack tai nghe 3.5 mm2 x Thunderbolt 3 ',1010),(844,'Kết nối không dây','Bluetooth 5.0Wi-Fi 6',1010),(845,'Chất liệu','Vỏ kim loại nguyên khối',1010),(846,'Hệ điều hành','Mac OS',1010),(847,'Màn hình','13.3 inch',1011),(848,'RAM','8 GB',1011),(849,'Ổ cứng','SSD 256 GB',1011),(850,'Card màn hình','Card tích hợp - 7 nhân GPU',1011),(851,'Cổng giao tiếp','2 x Thunderbolt 3',1011),(852,'\nKết nối không dây','Bluetooth 5.0Wi-Fi 6',1011),(853,'Chất liệu','Vỏ kim loại nguyên khối',1011),(854,'Hệ điều hành','Mac OS',1011),(855,'Màn hình','13.3 inch',1013),(856,'RAM','8 GB',1013),(857,'Ổ cứng','SSD 512 GB',1013),(858,'Card màn hình','Card tích hợp - 8 nhân GPU',1013),(859,'Cổng giao tiếp','2 x Thunderbolt 3 (USB-C)',1013),(860,'Kết nối không dây','Bluetooth 5.0Wi-Fi 6 (802.11ax)',1013),(862,'Chất liệu','Vỏ kim loại nguyên khối',1013),(863,'Hệ điều hành','Mac OS',1013),(864,'Màn hình','13.3 inch',1014),(865,'RAM','8 GB',1014),(866,'Ổ cứng','SSD 512 GB',1014),(867,'\nCard màn hình','Card tích hợp - 8 nhân GPU',1014),(868,'Cổng giao tiếp','2 x Thunderbolt 3 (USB-C)Jack tai nghe 3.5 mm',1014),(869,'Kết nối không dây','Bluetooth 5.0Wi-Fi 6 (802.11ax)',1014),(870,'Chất liệu','Vỏ kim loại nguyên khối',1014),(871,'Hệ điều hành','Mac OS',1014),(872,'Màn hình','13.3 inch',1015),(873,'RAM','16 GB',1015),(874,'Ổ cứng','SSD 1 TB',1015),(875,'Card màn hình','Card tích hợp - 8 nhân GPU',1015),(876,'Cổng giao tiếp','2 x Thunderbolt 3 (USB-C)',1015),(877,'Kết nối không dây','\nBluetooth 5.0Wi-Fi 6 (802.11ax)',1015),(878,'Chất liệu','Vỏ kim loại nguyên khối',1015),(879,'Hệ điều hành','Mac OS',1015),(880,'Màn hình','15.6 inch',1016),(881,'RAM','16 GB',1016),(882,'Ổ cứng','SSD 512 GB NVMe PCIe',1016),(883,'Card màn hình','Card rời - NVIDIA GeForce RTX 3060 Max-Q, 6 GB',1016),(884,'Cổng giao tiếp','Jack tai nghe 3.5 mm',1016),(885,'Kết nối không dây','Wi-Fi 6 (802.11ax)Bluetooth 5.1',1016),(886,'Chất liệu','Vỏ nhựa - nắp lưng bằng kim loại',1016),(887,'Hệ điều hành','Windows 10 Home SL',1016),(888,'Màn hình','15.6 inch',1017),(889,'RAM','8 GB',1017),(890,'Ổ cứng','SSD 512 GB NVMe PCIe',1017),(891,'Card màn hình','Card rời - NVIDIA GeForce RTX3050, 4 GB',1017),(892,'Cổng giao tiếp','Jack tai nghe 3.5 mm',1017),(893,'Kết nối không dây','Bluetooth 5.2Wi-Fi 6 (802.11ax)',1017),(894,'Chất liệu','Vỏ nhựa',1017),(895,'Hệ điều hành','Windows 10 Home SL',1017),(896,'Màn hình','17.3 inch',1018),(897,'RAM','16 GB',1018),(898,'Ổ cứng','SSD 1 TB M.2 PCIe',1018),(899,'Card màn hình','\nCard rời - NVIDIA GeForce RTX 3070, 8 GB',1018),(900,'Cổng giao tiếp','Jack tai nghe 3.5 mm',1018),(901,'Kết nối không dây','Bluetooth 5.2Wi-Fi 6 (802.11ax)',1018),(902,'Chất liệu','Vỏ kim loại',1018),(903,'Hệ điều hành','Windows 10 Home SL',1018),(904,'Màn hình','13.4 inch',1019),(905,'RAM','16 GB',1019),(907,'Ổ cứng','SSD 1 TB NVMe PCIe Gen4x4',1019),(908,'Card màn hình','Card tích hợp - Intel Iris Xe Graphics',1019),(909,'Cổng giao tiếp','Jack tai nghe 3.5 mm',1019),(910,'Kết nối không dây','Bluetooth 5.2Wi-Fi 6E (802.11ax)',1019),(911,'Chất liệu','\nVỏ kim loại nguyên khối',1019),(912,'Hệ điều hành','Windows 10 Home SL',1019),(913,'Màn hình','15.6 inch',1020),(914,'RAM','16 GB',1020),(915,'Ổ cứng','\nSSD 512 GB NVMe PCIeHỗ trợ khe cắm HDD SATA',1020),(916,'Card màn hình','\nCard rời - NVIDIA GeForce GTX 1660Ti, 6 GB',1020),(917,'Cổng giao tiếp','Jack tai nghe 3.5 mm',1020),(918,'Kết nối không dây','\nWi-Fi 6 (802.11ax)Bluetooth 5.1',1020),(919,'Chất liệu:\n','Vỏ nhựa',1020),(920,'Hệ điều hành','Windows 10 Home SL',1020),(921,'Màn hình','15.6 inch',1020),(922,'Màn hình','15.6 inch',1021),(923,'RAM','16 GB',1021),(924,'Ổ cứng','SSD 512 GB NVMe PCIe',1021),(926,'Card màn hình','Card rời - NVIDIA GeForce RTX 3060 Max-Q, 6 GB',1021),(927,'\nCổng giao tiếp','Jack tai nghe 3.5 mm',1021),(928,'Kết nối không dây','\nWi-Fi 6 (802.11ax)Bluetooth 5.1',1021),(929,'Chất liệu','Vỏ nhựa',1021),(930,'Hệ điều hành','Windows 10 Home SL',1021),(931,'Màn hình','15.6 inch',1022),(932,'RAM','8 GB',1022),(933,'Ổ cứng','SSD 512 GB NVMe PCIeHỗ trợ khe cắm HDD SATA',1022),(934,'Card màn hình','\nCard rời - NVIDIA GeForce GTX 1650 4 GB',1022),(935,'Cổng giao tiếp','Jack tai nghe 3.5 mm',1022),(936,'Kết nối không dây','Wi-Fi 6 (802.11ax)Bluetooth 5.1',1022),(938,'Chất liệu','Nắp lưng và chiếu nghỉ tay bằng kim loại',1022),(939,'Hệ điều hành','\nWindows 10 Home SL',1022),(940,'Màn hình','10.1\"IPS LCD',1023),(941,'Hệ điều hành','Android 10 (Không có  ogle)',1023),(942,'Chip','Kirin 710A',1023),(943,'RAM','3 GB',1023),(944,'Bộ nhớ trong','64 GB',1023),(945,'Kết nối','Hỗ trợ 4GCó nghe gọi',1023),(946,'SIM','1 Nano SIM',1023),(947,'Camera sau','5 MP',1023),(948,'Camera trước','2 MP',1023),(949,'Pin, Sạc','5100 mAh10 W',1023),(950,'Màn hình','10.4\"IPS LCD',1024),(951,'Hệ điều hành','Android 10 (Không có  ogle)',1024),(952,'Chip','Kirin 810',1024),(953,'RAM','4 GB',1024),(954,'Bộ nhớ trong','64 GB',1024),(955,'Camera sau','8 MP',1024),(956,'Camera trước','8 MP',1024),(957,'Pin, Sạc','7250 mAh10 W',1024),(958,'Màn hình','10.4\"IPS LCD',1025),(959,'Hệ điều hành','Android 10 (Không có  ogle)',1025),(961,'Chip','Kirin 820 8 nhân',1025),(962,'RAM','4 GB',1025),(963,'Bộ nhớ trong','128 GB',1025),(964,'Camera sau','8 MP',1025),(965,'Camera trước','8 MP',1025),(966,'Pin, Sạc','7250 mAh22.5 W',1025),(967,'Màn hình','8\"IPS LCD',1026),(968,'Hệ điều hành','Android 10',1026),(969,'Chip','MediaTek MT8768',1026),(970,'RAM','2 GB',1026),(971,'Bộ nhớ trong','32 GB',1026),(972,'Kết nối','Hỗ trợ 4GCó nghe gọi',1026),(973,'SIM','1 Nano SIM',1026),(975,'Camera sau','5 MP',1026),(976,'Camera trước','2 MP',1026),(977,'Pin, Sạc','5100 mAh5 W',1026),(978,'Màn hình','12.9\"Liquid Retina XDR mini-LED LCD',1027),(979,'Hệ điều hành','iPadOS 14',1027),(980,'Chip','Apple M1 8 nhân',1027),(981,'RAM','8 GB',1027),(982,'Bộ nhớ trong','256 GB',1027),(983,'Kết nối','5GNghe gọi qua FaceTime',1027),(984,'SIM','1 Nano SIM hoặc 1 eSIM',1027),(985,'Camera sau','Chính 12 MP & Phụ 10 MP, TOF 3D LiDAR',1027),(986,'Camera trước','12 MP',1027),(987,'Pin, Sạc','40.88 Wh (~ 10.835 mAh)20 W',1027),(988,'Màn hình','11\"Liquid Retina',1028),(989,'Hệ điều hành','iPadOS 14',1028),(990,'Chip','Apple M1 8 nhân',1028),(991,'RAM','8 GB',1028),(992,'Bộ nhớ trong','256 GB',1028),(993,'Kết nối','5GNghe gọi qua FaceTime',1028),(994,'SIM','1 Nano SIM hoặc 1 eSIM',1028),(995,'Camera sau','Chính 12 MP & Phụ 10 MP, TOF 3D LiDAR',1028),(997,'Camera trước','12 MP',1028),(998,'Pin, Sạc','28.65 Wh (~ 7538 mAh)20 W',1028),(999,'Màn hình','12.9\"Liquid Retina',1029),(1000,'Hệ điều hành','iPadOS 14',1029),(1001,'Chip','Apple A12Z Bionic',1029),(1002,'RAM','6 GB',1029),(1003,'Bộ nhớ trong','128 GB',1029),(1004,'Kết nối','Nghe gọi qua FaceTime',1029),(1005,'Camera sau','Chính 12 MP & Phụ 10 MP, TOF 3D LiDAR',1029),(1006,'Camera trước','7 MP',1029),(1007,'Pin, Sạc:','36.71 Wh (~ 9720 mAh)20 W',1029),(1008,'Màn hình','11\"Liquid Retina',1030),(1009,'Hệ điều hành','iPadOS 14',1030),(1010,'Chip','Apple A12Z Bionic',1030),(1011,'RAM','6 GB',1030),(1012,'Bộ nhớ trong','128 GB',1030),(1013,'Kết nối','Hỗ trợ 4GNghe gọi qua FaceTime',1030),(1014,'SIM','1 Nano SIM hoặc 1 eSIM',1030),(1015,'Camera sau','Chính 12 MP & Phụ 10 MP, TOF 3D LiDAR',1030),(1016,'Camera trước','7 MP',1030),(1017,'Pin, Sạc','28.65 Wh (~ 7600 mAh)20 W',1030),(1018,'Màn hình','10.9\"Liquid Retina',1031),(1019,'Hệ điều hành','iPadOS 14',1031),(1020,'Chip','Apple A14 Bionic',1031),(1021,'RAM','4 GB',1031),(1022,'Bộ nhớ trong','256 GB',1031),(1023,'Kết nối','Nghe gọi qua FaceTime',1031),(1024,'Camera sau','12 MP',1031),(1025,'Camera trước','7 MP',1031),(1026,'Pin, Sạc','28.65 Wh (~ 7600 mAh)20 W',1031),(1028,'Màn hình','7.9\"LED-backlit IPS LCD',1032),(1029,'Hệ điều hành','iPadOS 14',1032),(1031,'Chip','Apple A12 Bionic',1032),(1032,'RAM','3 GB',1032),(1033,'Bộ nhớ trong','64 GB',1032),(1034,'Kết nối','Hỗ trợ 4GNghe gọi qua FaceTime',1032),(1035,'SIM','1 Nano SIM & 1 eSIM',1032),(1036,'Camera sau','8 MP',1032),(1038,'Camera trước','7 MP',1032),(1039,'Pin, Sạc','19.1 Wh (~ 5124 mAh)10 W',1032),(1041,'Màn hình','10.2\"Retina IPS LCD',1034),(1042,'Hệ điều hành','iPadOS 14',1034),(1043,'Chip','Apple A12 Bionic',1034),(1044,'RAM','3 GB',1034),(1045,'Bộ nhớ trong','128 GB',1034),(1046,'Kết nối','Hỗ trợ 4GNghe gọi qua FaceTime',1034),(1047,'SIM','1 Nano SIM hoặc 1 eSIM',1034),(1048,'Camera sau','8 MP',1034),(1049,'Camera trước','1.2 MP',1034),(1050,'Pin, Sạc','32.4 Wh (~ 8600 mAh)',1034),(1052,'Màn hình','10.3\"IPS LCD',1035),(1053,'Hệ điều hành','Android 9',1035),(1054,'Chip','MediaTek Helio P22T',1035),(1055,'RAM','4 GB',1035),(1056,'Bộ nhớ trong','64 GB',1035),(1057,'Kết nối','Hỗ trợ 4G',1035),(1058,'SIM','1 Nano SIM',1035),(1059,'Camera sau','8 MP',1035),(1060,'Camera trước','5 MP',1035),(1061,'Pin, Sạc','5000 mAh10 W',1035),(1062,'Màn hình','10\"IPS LCD',1036),(1063,'Hệ điều hành','Android 10',1036),(1064,'Chip','MediaTek Helio P22T',1036),(1065,'RAM','2 GB',1036),(1066,'Bộ nhớ trong','32 GB',1036),(1067,'Kết nối','Hỗ trợ 4G',1036),(1068,'SIM','1 Nano SIM',1036),(1069,'Camera sau','8 MP',1036),(1070,'Camera trước','5 MP',1036),(1071,'Pin, Sạc','5000 mAh10 W',1036),(1072,'Màn hình','8\"IPS LCD',1037),(1073,'Hệ điều hành','Android 9',1037),(1074,'Chip','MediaTek Helio A22',1037),(1075,'RAM','3 GB',1037),(1076,'Bộ nhớ trong','32 GB',1036),(1077,'Bộ nhớ trong','32 GB',1037),(1078,'Kết nối','Hỗ trợ 4GCó nghe gọi',1037),(1079,'SIM','1 Nano SIM',1037),(1080,'Camera sau','5 MP',1037),(1081,'Camera trước','2 MP',1037),(1082,'Pin, Sạc','5000 mAh5 W',1037),(1083,'Màn hình','7\"IPS LCD',1038),(1084,'Hệ điều hành','Android 9',1038),(1085,'Chip','MediaTek MT8765',1038),(1086,'RAM','2 GB',1038),(1087,'Bộ nhớ trong','32 GB',1038),(1088,'Kết nối','Hỗ trợ 4GCó nghe gọi',1038),(1089,'SIM','1 Nano SIM',1038),(1090,'Camera sau','2 MP',1038),(1091,'Camera trước','2 MP',1038),(1092,'Pin, Sạc','3500 mAh5 W',1038),(1093,'Màn hình','7\"IPS LCD',1039),(1094,'Hệ điều hành','Android 8 (  Edition)',1039),(1095,'Chip','Mediatek MT8167D',1039),(1096,'RAM','1 GB',1039),(1097,'Bộ nhớ trong','16 GB',1039),(1098,'Kết nối','3GCó nghe gọi',1039),(1099,'SIM','1 SIM thường',1039),(1100,'Camera sau','2 MP',1039),(1101,'Camera trước','0.3 MP',1039),(1102,'Pin, Sạc','2750mAh5 W',1039),(1103,'Màn hình','10.1\"IPS LCD',1040),(1104,'Hệ điều hành','Android 10',1040),(1105,'Chip','Spreadtrum SC9863A',1040),(1106,'RAM','3 GB',1040),(1107,'Bộ nhớ trong','32 GB',1040),(1108,'Kết nối','Hỗ trợ 4GCó nghe gọi',1040),(1109,'SIM','2 Nano SIM (SIM 2 chung khe thẻ nhớ)',1040),(1110,'Camera sau','8 MP',1040),(1111,'Camera trước','2 MP',1040),(1112,'Pin, Sạc','6000 mAh',1040),(1113,'Màn hình','10.1\"IPS LCD',1041),(1114,'Hệ điều hành','Android 10',1041),(1115,'Chip','Spreadtrum SC9863A',1041),(1116,'RAM','2 GB',1041),(1118,'Bộ nhớ trong','32 GB',1041),(1119,'Kết nối','Hỗ trợ 4GCó nghe gọi',1041),(1120,'SIM','2 Nano SIM (SIM 2 chung khe thẻ nhớ)',1041),(1121,'Camera sau','5 MP',1041),(1122,'Camera trước','2 MP',1041),(1123,'Pin, Sạc','6000 mAh10 W',1041),(1124,'Màn hình','10.1\"IPS LCD',1042),(1125,'Hệ điều hành','Android 9',1042),(1126,'Chip','MediaTek MT6580',1042),(1127,'RAM','2 GB',1042),(1128,'Bộ nhớ trong','16 GB',1042),(1129,'Kết nối','3GCó nghe gọi',1042),(1130,'SIM','2 SIM thường',1042),(1131,'Camera sau','5 MP',1042),(1132,'Camera trước','2 MP',1042),(1133,'Pin, Sạc','5000 mAh10 W',1042),(1134,'Màn hình','12.4\"TFT LCD',1043),(1135,'Hệ điều hành','Android 11',1043),(1136,'Chip','Snapdra n 750G',1043),(1137,'RAM','4 GB',1043),(1139,'Bộ nhớ trong','64 GB',1043),(1140,'Kết nối','Hỗ trợ 4G, Có nghe gọi',1043),(1141,'SIM','1 Nano SIM',1043),(1142,'Camera sau','8 MP',1043),(1143,'Camera trước','5 MP',1043),(1144,'Pin, Sạc','10090 mAh, 45 W',1043),(1145,'Hãng','Samsung',1043),(1147,'Màn hình','8.7\"TFT LCD',1044),(1148,'Hệ điều hành','Android 11',1044),(1149,'Chip','MediaTek MT8768T 8 nhân',1044),(1150,'RAM','3 GB',1044),(1151,'Bộ nhớ trong','32 GB',1044),(1152,'Kết nối','Hỗ trợ 4G, Có nghe gọi',1044),(1153,'SIM','1 Nano SIM',1044),(1154,'Camera sau','8 MP',1044),(1155,'Camera trước','2 MP',1044),(1156,'Pin, Sạc','5100 mAh, 15 W',1044),(1157,'Hãng','Samsung.\n',1044),(1158,'Màn hình','11\"LTPS IPS LCD',1045),(1159,'Hệ điều hành','Android 10',1045),(1160,'Chip','Snapdra n 865+',1045),(1161,'RAM','6 GB',1045),(1162,'Bộ nhớ trong','128 GB',1045),(1163,'Kết nối','Hỗ trợ 4G, Có nghe gọi',1045),(1164,'SIM','1 Nano SIM (chung thẻ nhớ)',1045),(1165,'Camera sau','Chính 13 MP & Phụ 5 MP',1045),(1166,'Camera trước','8 MP',1045),(1167,'Pin, Sạc','8000 mAh, 45 W',1045),(1168,'Hãng','Samsung',1045),(1169,'Màn hình','8\"TFT LCD',1046),(1170,'Hệ điều hành','Android 10',1046),(1171,'Chip','Snapdra n 429',1046),(1172,'RAM','2 GB',1046),(1173,'Bộ nhớ trong','32 GB',1046),(1174,'Kết nối','Hỗ trợ 4GCó nghe gọi',1046),(1175,'SIM','1 Nano SIM',1046),(1176,'Camera sau','8 MP',1046),(1177,'Camera trước','2 MP',1046),(1178,'Pin, Sạc','5100 mAh10 W',1046),(1179,'Hãng','Samsung',1046),(1180,'Màn hình','10.4\"PLS LCD',1047),(1181,'Hệ điều hành','Android 10',1047),(1182,'Chip','Exynos 9611',1047),(1183,'RAM','4 GB',1047),(1184,'Bộ nhớ trong','64 GB',1047),(1185,'Kết nối','Hỗ trợ 4GCó nghe gọi',1047),(1186,'SIM','1 Nano SIM',1047),(1188,'Camera sau','8 MP',1047),(1189,'Camera trước','5 MP',1047),(1190,'Pin, Sạc','7040 mAh10 W',1047),(1191,'Hãng','Samsung',1047);
/*!40000 ALTER TABLE `specification` ENABLE KEYS */;
UNLOCK TABLES;

--
-- Table structure for table `tintuc`
--

DROP TABLE IF EXISTS `tintuc`;
/*!40101 SET @saved_cs_client     = @@character_set_client */;
 SET character_set_client = utf8mb4 ;
CREATE TABLE `tintuc` (
  `id` int(11) NOT NULL AUTO_INCREMENT,
  `noidung` varchar(500) CHARACTER SET utf8 COLLATE utf8_general_ci NOT NULL,
  `username` varchar(50) CHARACTER SET utf8 COLLATE utf8_general_ci NOT NULL,
  `image` varchar(50) CHARACTER SET utf8 COLLATE utf8_general_ci DEFAULT NULL,
  PRIMARY KEY (`id`)
) ENGINE=InnoDB AUTO_INCREMENT=17 DEFAULT CHARSET=utf8mb4 COLLATE=utf8mb4_0900_ai_ci;
/*!40101 SET character_set_client = @saved_cs_client */;

--
-- Dumping data for table `tintuc`
--

LOCK TABLES `tintuc` WRITE;
/*!40000 ALTER TABLE `tintuc` DISABLE KEYS */;
INSERT INTO `tintuc` VALUES (3,'HP Omen 15 ek0078TX i7 (26Y68PA) là chiếc laptop gaming mang trong mình sức mạnh siêu phàm nhờ sở hữu cấu hình gồm con chip Intel Core i7 mạnh mẽ và vi xử lý đồ họa cực mượt mà nhưng vẫn giữ n ại hình tương đối mỏng nhẹ, đây chính là công cụ đắc lực, đồng hành cùng bạn trong mọi cuộc chiến.','hsang','1c155f10.jpg'),(4,'Đẳng cấp và ấn tượng hơn bao giờ hết cùng laptop HP EliteBook X360 1040 G8 i7 (3G1H4PA) với thiết kế sang trọng, bản lề gập xoay 360 độ cùng khả năng vận hành và xử lý mọi tác vụ mạnh mẽ mang đến những trải nghiệm trọn vẹn, khó quên cho người dùng.','hsang','1c155f10.jpg'),(5,'Laptop HP Envy 13 ba1030TU i7 (2K0B6PA) sở hữu thiết kế mỏng nhẹ cùng cấu hình cực mạnh mẽ đáp ứng đa dạng nhu cầu làm việc, giúp bạn đạt được hiệu suất làm việc tốt nhất.','hsang','1c155f10.jpg'),(8,'luật dạn háng','2','1c155f10.jpg');
/*!40000 ALTER TABLE `tintuc` ENABLE KEYS */;
UNLOCK TABLES;
/*!40103 SET TIME_ZONE=@OLD_TIME_ZONE */;

/*!40101 SET SQL_MODE=@OLD_SQL_MODE */;
/*!40014 SET FOREIGN_KEY_CHECKS=@OLD_FOREIGN_KEY_CHECKS */;
/*!40014 SET UNIQUE_CHECKS=@OLD_UNIQUE_CHECKS */;
/*!40101 SET CHARACTER_SET_CLIENT=@OLD_CHARACTER_SET_CLIENT */;
/*!40101 SET CHARACTER_SET_RESULTS=@OLD_CHARACTER_SET_RESULTS */;
/*!40101 SET COLLATION_CONNECTION=@OLD_COLLATION_CONNECTION */;
/*!40111 SET SQL_NOTES=@OLD_SQL_NOTES */;

-- Dump completed on 2025-03-04 13:43:36
